RSS0,RSS1,RSS2,RSS3,RSS4,X,Y,Z
0.002773464907023322,0.00800732864915043,0.0022137712366932165,0.002143523791868554,0.0009520428958316551,-4.0,-4.0,0.0
0.0027791337077867494,0.00211554732739065,0.0009707993423488052,0.008115234214456937,0.0021602893187483755,4.0,-4.0,0.0
0.002740482690266009,0.002114678279813395,0.007735915774638466,0.0008922040019184765,0.002121385437883922,-4.0,4.0,0.0
0.002742339393350524,0.0009195549787943672,0.0020942247636635573,0.0020537278361273744,0.007923578806244108,4.0,4.0,0.0
0.0003275842708972471,0.007360694426011128,0.0002604931745428819,0.00018229967545993326,1.8229952257540675e-05,-4.0,-4.0,3.5
0.0002708249053695715,0.00012333605838029264,1.8775367897626137e-05,0.007723404110180837,0.00014105874232884922,4.0,-4.0,3.5
0.00024449263224413147,0.00011114540546071112,0.006798463330200633,5.361775658505628e-06,0.00013853423105280119,-4.0,4.0,3.5
0.00023338197964089597,1.0064098209886503e-05,9.247424671259738e-05,2.425189723340335e-05,0.00710583793829579,4.0,4.0,3.5
0.006502576518112047,0.09430748148781344,0.003362172678741973,0.0013817808822294043,0.0004134629123470086,-2.541015625,-1.8003353147386068,3.287424
0.01347005277436049,0.004405997376479607,0.006515673625361812,0.008407992514882253,0.01518942820336482,1.458984375,0.8663313519280607,0.627424
0.006913329895546049,0.0022273391225923846,0.014176036387660492,0.0017709818430846362,0.009520096234182613,-0.541015625,3.5329980185947267,1.327424
0.0031636332990805597,0.001823769078466696,0.0006553288629522565,0.019805079329394806,0.0020572722731910385,3.458984375,-3.2818167962200886,2.027424
0.008504479649820805,0.02724436143815866,0.011268240636170592,0.0013996559199385761,0.0011100852360138448,-3.041015625,-0.6151501295534216,2.727424
0.01518102294101982,0.0006020219268356842,0.006657137147220377,0.0010588346646155172,0.06793511956817556,0.958984375,2.0515165371132458,3.4274240000000002
0.008744319989945487,0.012980317174435992,0.004538152160016292,0.007469903735985087,0.0031337715351438928,-1.041015625,-2.3929279073311998,0.09542400000000001
0.00878067163210006,0.0028001268643862336,0.0031405011654284717,0.010581122149417354,0.01309301841626997,2.958984375,0.2737387593354672,0.7954240000000001
0.006920570619118259,0.003240248199464468,0.023625932776522394,0.0014122955196967637,0.0050579601961979895,-2.041015625,2.9404054260021333,1.495424
0.014352958961358402,0.004942242030062025,0.0022032833806131884,0.039841298660589296,0.00709441503009946,1.958984375,-1.5040390184423105,2.195424
0.045708861336537704,0.004534423269872408,0.01994132835493187,0.00416960012553771,0.01834821449727466,-0.041015625,1.1626276482243565,2.895424
0.002875124041608048,0.0009164167752828354,0.00212154208705395,0.0021516329151891472,0.008772479171338894,3.958984375,3.8292943148910226,0.23542399999999997
0.002786071857399141,0.010524183083458618,0.002140753157923955,0.001962667958158478,0.0007786356258245091,-3.947265625,-3.7756439567139157,0.935424
0.024549170128333277,0.014850972599635798,0.0066161802900634855,0.015265508282406673,0.006649128364195512,0.052734375,-1.1089772900472488,1.635424
0.014153624316849765,0.006537480359179095,0.04543539518936834,0.0017278582004600204,0.004875435960188373,-1.947265625,1.5576893766194182,2.335424
0.005010553248768591,0.002730924442921142,0.0005549216494089685,0.06298247366597282,0.001490760253853514,2.052734375,-2.886755067825027,3.035424
0.00819451604111258,0.011369752111586102,0.010242034534669492,0.0031215268216624125,0.0029843429851383937,-2.947265625,-0.22008840115835993,0.375424
0.010606880606470494,0.002772823264821876,0.008668670048825941,0.0040551228695434646,0.019172385269793767,1.052734375,2.4465782655083066,1.0754240000000002
0.01560650056484163,0.026919504713597144,0.005166786087887759,0.0100700965117671,0.00305953144722207,-0.947265625,-1.997866178936138,1.7754239999999997
0.008740074137352479,0.0012383614158616345,0.0018848604907754105,0.010345648189419791,0.026121934119774114,3.052734375,0.6688004877305298,2.475424
0.0012177609081224462,0.0005848995334778117,0.022133499788625905,3.435032205171295e-05,0.000613413246626415,-3.447265625,3.335467154397196,3.175424
0.0067602693992169565,0.008473685911105523,0.0023421707946647183,0.011822015923034558,0.0026805283697437184,0.552734375,-3.4793476604176194,0.515424
0.016849956622330655,0.019135378596392333,0.01027604887519559,0.0065446480165722715,0.004440921451715324,-1.447265625,-0.8126809937509525,1.215424
0.008910295214555435,0.0015401755489746307,0.0037112177257465316,0.005428423685137855,0.03309225352241575,2.552734375,1.853985672915715,1.9154239999999998
0.006090868957071432,0.0502341837422289,0.0028683376140795883,0.0029473618783054643,0.0007425762881748632,-2.447265625,-2.5904587715287306,2.615424
0.0363849832692596,0.001997968806713706,0.0025000103653741285,0.01803892545067898,0.022667306573091923,1.552734375,0.07620789513793724,3.315424
0.00923760672455374,0.003533855721911471,0.013398469186313183,0.002898899507995804,0.010105396814925982,-0.447265625,2.7428745618046024,0.655424
0.0057451252016601185,0.0023994405059128707,0.0014248582431383367,0.018189560530871646,0.005579640321908009,3.552734375,-1.7015698826398413,1.355424
0.005742800353529285,0.007495075769629933,0.019278147303315146,0.0010033083810214562,0.001674022381470306,-3.697265625,0.9650967840268256,2.055424
0.005260111466707297,0.0006858656267077691,0.010437812842180632,0.0005750508678707062,0.015993521421875725,0.302734375,3.6317634506934917,2.755424
0.0031815628254671666,0.05628362496193886,0.0008600296859662851,0.0023815503777935977,0.00017780868705443448,-1.697265625,-3.183051364121323,3.4554240000000003
0.00949304134884345,0.004261454309108128,0.0036629523979110536,0.011740647760339288,0.009050213093480987,2.302734375,-0.5163846974546562,0.123424
0.007118098526963034,0.005021548777765819,0.018165768070127788,0.0018719920274973198,0.003994460285887521,-2.697265625,2.1502819692120108,0.8234240000000002
0.011790044949910906,0.008053613569526158,0.0025998342173772604,0.025595924378715267,0.004567934446861701,1.302734375,-2.2941624752324343,1.5234240000000001
0.03764400771967865,0.012154524819090323,0.019158817115008917,0.006302356670182968,0.008922023273656007,-0.697265625,0.3725041914342331,2.223424
0.0021966752591885534,0.00019527782442751453,0.0009638196233717231,0.0009008339498120336,0.030118646304417105,3.302734375,3.039170858100899,2.923424
0.006563704315354061,0.013075465796654173,0.006492577482155094,0.0031995621997388934,0.0021773322765946917,-3.197265625,-1.405273586343545,0.263424
0.01615871445692617,0.004805315619414196,0.009430921826552663,0.006864884989205376,0.016635152588366075,0.802734375,1.2613930803231224,0.9634240000000001
0.0050470749431560215,0.0017242260345647852,0.0157056314758601,0.0010191058859168828,0.006314471263296309,-1.197265625,3.9280597469897884,1.6634239999999998
0.0026249783269293382,0.0019978563589401832,0.0005066620829718677,0.019666498322876192,0.0012009252093247167,2.802734375,-3.940253010211858,2.363424
0.013041019389063118,0.06909048727330085,0.00664677537183022,0.0023849576357420545,0.001006703660612868,-2.197265625,-1.2735863435451913,3.0634240000000004
0.010470662460065483,0.0033992268988692906,0.0057979372632837615,0.006657718614019079,0.015366748124419759,1.802734375,1.3930803231214757,0.40342399999999995
0.008968621555425734,0.013811211516182637,0.0029448559576365405,0.011970996401061366,0.002661802623211959,-0.197265625,-3.051364121322969,1.1034240000000002
0.005936961155171204,0.0015814087825557967,0.0014436414979542562,0.013551561728446751,0.009979095923416444,3.802734375,-0.38469745465630245,1.8034239999999997
0.003165847350017807,0.0026715365576631313,0.023285350908883132,0.0003189395751021088,0.0011921546643673692,-3.822265625,2.281969212010364,2.503424
0.01873302343587406,0.018021527476357095,0.0017158609231817605,0.02657541512516272,0.001676500468418753,0.177734375,-2.1624752324340806,3.203424
0.01236018879481139,0.010153210845361173,0.014080571676065272,0.004144669731502831,0.005235020766466381,-1.822265625,0.5041914342325873,0.543424
0.0060005392153412475,0.0014191830663428141,0.004605803537436823,0.0029446752100412985,0.01996171406722379,2.177734375,3.1708581008992534,1.2434239999999999
0.003617482643314341,0.020200857316521163,0.00196035985149799,0.002682773777540647,0.0006939939581001666,-2.822265625,-3.6439567139155615,1.9434239999999998
0.031138903746726856,0.007076699559317766,0.003337577781762568,0.03526078949958141,0.008863478816750809,1.177734375,-0.977290047248895,2.643424
0.024783212582531283,0.0024856345393813976,0.0542597063423761,0.0007679041742205233,0.00833476529116757,-0.822265625,1.6893766194177724,3.343424
0.005058275498043538,0.003141390892138795,0.001474141235493436,0.015084292894060445,0.003733892670951555,3.177734375,-2.755067825026673,0.683424
0.00796676835885068,0.013375150926411516,0.012773172026519237,0.0022484882298462326,0.002243510813993846,-3.322265625,-0.08840115836000617,1.383424
0.012368555482122496,0.0021437705119073127,0.011674979184346896,0.0029313719911228434,0.02606405097687363,0.677734375,2.57826550830666,2.083424
0.017154797562077065,0.05788894461166014,0.004407150846237477,0.006847075757837425,0.0016517040020496327,-1.322265625,-1.8661789361377839,2.783424
0.007606743287370723,0.00032931746033427035,0.0007955769924378564,0.0064061962268257685,0.04672351955629904,2.677734375,0.8004877305288831,3.4834240000000003
0.004889262623457049,0.002939842367017826,0.011263175826943573,0.0015912054902812237,0.0042151977469955535,-2.322265625,3.467154397195549,0.017024
0.006262408566368515,0.00573467985674466,0.0018600643247874994,0.015554781991960313,0.003022262727436697,1.677734375,-3.3476604176192657,0.7170240000000001
0.024141531424502347,0.014773093667356279,0.009020520630387005,0.011022481514441016,0.007121687139436911,-0.322265625,-0.6809937509525987,1.4170240000000003
0.004434622777232516,0.0007287864460129467,0.00168576311319831,0.003928011952612063,0.023229378247352106,3.677734375,1.9856729157140682,2.1170240000000002
0.0029637553090943137,0.030274326620953276,0.0023201508496155845,0.0010385457892822276,0.00034014189970985547,-3.572265625,-2.4587715287303764,2.817024
0.014001735463386919,0.007011920000535589,0.007840024721268244,0.008303742261352047,0.009529569936455744,0.427734375,0.20789513793629055,0.157024
0.007725302355995643,0.0036575952270623004,0.017545908223344328,0.0020515160642658983,0.006438641069122834,-1.572265625,2.8745618046029566,0.8570240000000001
0.010290253507952797,0.004220994664397795,0.002212852568766786,0.026601716360235717,0.006996972482093266,2.427734375,-1.5698826398414876,1.5570240000000002
0.011370530687028039,0.008827074187538414,0.034923562843129176,0.0015929208973373063,0.0031267482819582228,-2.572265625,1.0967840268251798,2.2570240000000004
0.003237311553242434,0.00030256151984991265,0.003762450264368187,0.0004010270765841061,0.025400834290043067,1.427734375,3.763450693491846,2.957024
0.005685238614311973,0.010113780190394904,0.00244485068579845,0.007607372248253975,0.0020330518700758275,-0.572265625,-3.8414875781130924,0.29702399999999995
0.006695145906884274,0.002675566587229121,0.0018900429096361609,0.015442489204747414,0.007228095673241017,3.427734375,-1.1748209114464259,0.9970240000000002
0.007620295956106646,0.006616938638864363,0.024718675007974488,0.001482889733776314,0.002874388047156893,-3.072265625,1.4918457552202407,1.6970240000000003
0.009233344311581246,0.009172265540084327,0.0015113052679801664,0.030594608233286913,0.00222834979213635,0.927734375,-2.952598689224204,2.397024
0.053288113139255425,0.02349905202299246,0.014381318318445649,0.004648402049840012,0.0037980329501572656,-1.072265625,-0.285932022557537,3.0970239999999998
0.0059533596317293,0.001787045021836241,0.0036199981677841543,0.004287075703976233,0.014749300305052768,2.927734375,2.38073464410913,0.43702399999999997
0.009540024819040153,0.022644169792176493,0.005678380456206494,0.0053383649044827786,0.0023429848185048453,-2.072265625,-2.0637098003353147,1.1370240000000003
0.017508624484064504,0.0034094767232690994,0.004854272366005262,0.012017813015478114,0.024155848459018133,1.927734375,0.6029568663313531,1.837024
0.007665219666899966,0.0012557850274222248,0.016235015665638987,0.0010080218687634973,0.015008900731502968,-0.072265625,3.269623532998019,2.537024
0.0007151118372716661,0.0003075243093270708,8.060415402549462e-05,0.013496647259612752,0.0004337784384247019,3.927734375,-3.545191281816796,3.237024
0.005524094943822239,0.011405422583888457,0.0071928207527177535,0.0022526758985541113,0.0018092271908078605,-3.884765625,-0.8785246151501296,0.577024
0.016423960527123832,0.004645809234182548,0.014237622976607758,0.004718717440755524,0.01565938808329216,0.115234375,1.7881420515165383,1.2770240000000002
0.008440710848460122,0.03398553497047021,0.0036166714080046384,0.005402836441538691,0.0014935352401161208,-1.884765625,-2.6563023929279073,1.9770240000000001
0.01960458548904023,0.0025315708154993186,0.00272694777908203,0.020787089892647666,0.022029790948330873,2.115234375,0.0103642737387597,2.6770240000000003
0.002232577515647112,0.0008762048263891994,0.05961717266433039,4.556053612243164e-05,0.0008369723662695494,-2.884765625,2.6770309404054258,3.377024
0.01007768706699823,0.007272546535979094,0.003844480941031208,0.01278355956495161,0.0055648560268387205,1.115234375,-1.7674135040390184,0.045024
0.015826778920128126,0.008271506729242387,0.01481614018869226,0.0051226355920482875,0.008304348763772394,-0.884765625,0.899253162627649,0.7450240000000001
0.003659678713932915,0.0008042451776155428,0.002612082016671291,0.0021395216705937465,0.01632831376641585,3.115234375,3.565919829294315,1.4450240000000003
0.0032210494035081597,0.02114998673775364,0.002107455349173287,0.0018747133021136048,0.0005611375530528847,-3.384765625,-3.2488949855205,2.1450240000000003
0.05528858829228091,0.00907211449418946,0.005147402535871595,0.021654341379598735,0.00964024028964553,0.615234375,-0.5822283188538333,2.845024
0.009187820150669553,0.005091623921087764,0.014005229475514717,0.003033695000179945,0.006742718501345367,-1.384765625,2.084438347812834,0.185024
0.006996887088184149,0.004107416380818019,0.0019023945257919512,0.018824047607464544,0.0046610934285114146,2.615234375,-2.3600060966316114,0.8850240000000001
0.013377744081231045,0.013897476331054325,0.01923584069277256,0.0031021893401540594,0.003696718302793199,-2.384765625,0.30666057003505554,1.5850240000000002
0.007431997551290066,0.0010618494636939165,0.005707922971358539,0.0022385814473819634,0.035008649620509265,1.615234375,2.9733272367017216,2.2850240000000004
0.03532609424746326,0.029695892597026735,0.004231831116504965,0.01427322163701021,0.0028912696764405183,-0.384765625,-1.4711172077427221,2.985024
0.005807988192166546,0.0019212560679038268,0.002698780667045598,0.006197725692191998,0.011841207135106247,3.615234375,1.1955494589239448,0.325024
0.002915581132215703,0.0019957764444483972,0.011069800294324571,0.0006937297769632476,0.0021668337368831326,-3.634765625,3.862216125590611,1.0250240000000002
0.006327586751657165,0.010163629710291897,0.0016139413589525526,0.014258676647312563,0.001760162917854525,0.365234375,-3.742722146014327,1.7250240000000003
0.02130881566144362,0.03937084534330538,0.009463226653695386,0.005457484938325266,0.002726014124424553,-1.634765625,-1.0760554793476604,2.425024
0.009139611431991008,0.00057961804682483,0.002058687846107089,0.003981004649141852,0.08200360885526177,2.365234375,1.5906111873190065,3.125024
0.005743541673701211,0.014932458457037813,0.0038822137390039763,0.004019404605643117,0.0017302827609774244,-2.634765625,-2.853833257125438,0.46502400000000005
0.01816423569614681,0.006078500918812662,0.005658228621714233,0.014511968716000903,0.012946452782174354,1.365234375,-0.1871665904587716,1.1650240000000003
0.012838293740495055,0.0034582413924129675,0.0235560318642795,0.0024364084836020566,0.011986285823809196,-0.634765625,2.479500076207895,1.865024
0.004724858978890724,0.0014962451461641034,0.0007131670560672072,0.033716639598315806,0.0038265435478833116,3.365234375,-1.9649443682365493,2.565024
0.005854653460474029,0.007748455433363413,0.030866270205271443,0.00030342862301640025,0.0007471702042241725,-3.134765625,0.7017222984301181,3.265024
0.006886574270817678,0.002171792402731538,0.007704470794241854,0.0027136320928384267,0.013030481342132588,0.865234375,3.368388965096784,0.605024
0.006819206946382877,0.01736217687267234,0.002635722807436317,0.007512200393896909,0.0017307537274391202,-1.134765625,-3.4464258497180307,1.3050240000000002
0.01010619043613048,0.0026735271261877887,0.0019555164690396964,0.024102983531452037,0.010633187119308865,2.865234375,-0.7797591830513642,2.005024
0.01048554394922499,0.004351446359021019,0.06325730829401865,0.0008556321565667471,0.003693305335652659,-2.134765625,1.8869074836153032,2.7050240000000003
0.005416764309384135,0.002224370082139859,0.0003941075842273269,0.10765748909464806,0.00118681049938907,1.865234375,-2.5575369608291423,3.405024
0.01377174358731496,0.008147975829760488,0.00872021638182981,0.007399736910217315,0.00802369868881181,-0.134765625,0.10912970583752557,0.073024
0.003877835160583513,0.0010788015792023995,0.002274273150426009,0.0031786372318461376,0.012728332663137365,3.865234375,2.7757963725041908,0.7730240000000002
0.005192756274436573,0.01762159880561154,0.005514539690742159,0.002094709280330257,0.0012400425715492645,-3.759765625,-1.668648071940253,1.4730240000000003
0.03330479685435901,0.005897187955654594,0.014619792457202812,0.006830666728739922,0.019160524988881877,0.240234375,0.998018594726414,2.1730240000000003
0.0033303198571665495,0.0008312987473319748,0.028565230088550306,0.00018542758600484767,0.0033140624257787716,-1.759765625,3.66468526139308,2.873024
0.005676812560374274,0.004561930174450685,0.001869288869988898,0.013317803343773046,0.0034022892193636186,2.240234375,-3.150129553421735,0.213024
0.0096661544314873,0.014994952806442538,0.010931621475647647,0.003388504588589772,0.002912845060985632,-2.759765625,-0.4834628867550679,0.9130240000000002
0.012701204163639592,0.002592493097532669,0.008391104696064767,0.0045114591228965365,0.026532354963574516,1.240234375,2.183203779911599,1.6130240000000002
0.01545496686924958,0.032040211573826125,0.003704420852868689,0.011578803481700954,0.0023242141569658503,-0.759765625,-2.2612406645328456,2.3130240000000004
0.006462740748371405,0.0006331909793911027,0.0009438759239656203,0.010780766190423459,0.02204928779622779,3.240234375,0.4054260021338214,3.013024
0.004406534619899425,0.0032216010799784377,0.012221223245857579,0.0013161457237554353,0.0030420863538079745,-3.259765625,3.0720926688004875,0.353024
0.016457584809385608,0.009900807539767536,0.004852220353505686,0.01701356237250148,0.0068387788320066175,0.740234375,-1.3723517756439567,1.0530240000000002
0.0190489389771278,0.007838129506119292,0.026987972710485794,0.0035557728603889437,0.0080160577058897,-1.259765625,1.2943148910227107,1.753024
0.0024331704427281516,0.0003256651899239307,0.001895253245185033,0.0008375266949145973,0.019249642488396567,2.740234375,3.9609815576893768,2.453024
0.0018450598305475398,0.02418442069854952,0.0007420529353521951,0.0016690811895865387,0.0001637857269149147,-2.259765625,-3.9073311995122695,3.153024
0.011304819352395183,0.0058937199772977735,0.0037221300345524244,0.01538785934631825,0.007529786225471029,1.740234375,-1.2406645328456025,0.4930240000000001
0.017908324504546214,0.0060403863372331034,0.01575674993687312,0.005068637344270614,0.012667638664330032,-0.259765625,1.426002133821064,1.1930240000000003
0.003220718538652185,0.0017010131596529102,0.0006982234016075316,0.01816025384121938,0.002405518854376918,3.740234375,-3.0184423106233806,1.893024
0.006263264423743008,0.01767168347739029,0.0116319411627241,0.0010483210589460122,0.0010046396033810644,-3.509765625,-0.3517756439567137,2.593024
0.01433992576285422,0.000819154537381383,0.012178002617614696,0.0008735332933170467,0.03678269301152575,0.490234375,2.3148910227099524,3.293024
0.009905370080262946,0.01731169176820288,0.005355011826738733,0.006785064059582162,0.002944699010388062,-1.509765625,-2.1295534217344922,0.633024
0.011794058793042794,0.0029775715990761654,0.0038261047867433682,0.011279888560471206,0.018448181733274085,2.490234375,0.5371132449321756,1.3330240000000002
0.004861433897447833,0.002292077898677909,0.02657164944892012,0.000690471796523685,0.003349923676793029,-2.509765625,3.2037799115988417,2.033024
0.004395809981665658,0.004505147441474223,0.0006841090500041227,0.029254907648717646,0.001118572189782943,1.490234375,-3.611034903215973,2.7330240000000003
0.06616507270450657,0.02612220592950485,0.004953398015392287,0.008601633313009248,0.0024636510544144194,-0.509765625,-0.9443682365493062,3.433024
0.0054931905454393085,0.0018471579232292664,0.002927664244748779,0.005103581018401959,0.011773938123820889,3.490234375,1.7222984301173607,0.101024
0.005418532939759076,0.01645039115822159,0.003936821483121624,0.0033830478225784864,0.001499776470092799,-3.009765625,-2.722146014327085,0.8010240000000001
0.02369701717498706,0.006984888686996062,0.00693107499227455,0.014154252227547978,0.01400507417989807,0.990234375,-0.0554793476604174,1.5010240000000004
0.011306073554240695,0.003006343243180372,0.03141150875272937,0.0016261198138000936,0.009386343933566433,-1.009765625,2.6111873190062482,2.2010240000000003
0.005565588674317039,0.0014563313712403138,0.0006463883915086749,0.05144042824207592,0.003818305315416511,2.990234375,-1.833257125438195,2.901024
0.010347259897118375,0.008401111433712517,0.013581024818405105,0.0035891097889989326,0.004988472396392882,-2.009765625,0.8334095412284714,0.241024
0.005478663445709826,0.001458020172244947,0.0048274606889305086,0.0026048968237038297,0.016066940510765564,1.990234375,3.5000762078951375,0.9410240000000002
0.008231648960990856,0.013754002546088051,0.0022092769603073727,0.013810188092522139,0.0021294156075976935,-0.009765625,-3.314738606919677,1.6410240000000003
0.004584565093312288,0.0010284732585791251,0.0008867497657362715,0.01482573712631954,0.00787861204046377,3.990234375,-0.64807194025301,2.3410240000000004
0.0020494200750457384,0.0019446458444181069,0.022434885480795058,0.00011099463888441693,0.0005689301418535368,-3.986328125,2.0185947264136566,3.041024
0.010010266891473045,0.011256591736196387,0.003922163866948695,0.011313830717714534,0.003819029347643225,0.013671875,-2.425849718030788,0.38102400000000003
0.014095713518801317,0.01290468604141062,0.015977142375164205,0.004074635007056925,0.004678778625930574,-1.986328125,0.24081694863587888,1.0810240000000002
0.007059719665636195,0.0013201407951708084,0.0049392883833691385,0.002994999585178221,0.028186961181839738,2.013671875,2.907483615302545,1.781024
0.007384018666065118,0.03855388266365101,0.006033892176275365,0.002126138558644282,0.0010249505184548758,-2.986328125,-1.5369608291418988,2.481024
0.03693358555069113,0.0018871150647872374,0.006789014449947971,0.00537120934548852,0.045759171085100435,1.013671875,1.1297058375247682,3.181024
0.0056155257286192115,0.0024081112152586053,0.011427234867422009,0.0017591838654086008,0.0067734821853946406,-0.986328125,3.7963725041914342,0.5210239999999999
0.0036166224930610077,0.002793077274136804,0.0009529326528111417,0.014681687514612388,0.0021547059972385125,3.013671875,-3.808565767413504,1.2210240000000003
0.006484715054540793,0.021360025920981997,0.00759252311542356,0.0020024066769782052,0.001321290623922534,-3.486328125,-1.141899100746837,1.921024
0.028998366305076857,0.0032144325966013405,0.013683127060963236,0.004648651617442242,0.030101367067507268,0.513671875,1.524767565919829,2.6210240000000002
0.005326901676720928,0.0639717839393006,0.0012678912024162916,0.003741748751746197,0.00034244595837175314,-1.486328125,-2.9196768785246157,3.321024
0.010251693990503267,0.0037606175781452244,0.0035070768661864,0.012903452850097759,0.011199811044879238,2.513671875,-0.25301021185794825,0.6610240000000001
0.007347784769535357,0.0043518650225179275,0.023733571962697236,0.0015818998953610064,0.0042280499241770485,-2.486328125,2.4136564548087183,1.3610240000000002
0.013589858166832884,0.00700129270910768,0.0022629271673410864,0.036954827520472806,0.004982352331533333,1.513671875,-2.0307879896357264,2.061024
0.05331149954211536,0.008816192885937714,0.021738886198059894,0.005184540155510851,0.010625835974028882,-0.486328125,0.6358786770309415,2.7610240000000004
0.0006840487720883737,2.886643477228145e-05,0.00025069642505365483,0.00010506447253839228,0.020877818533895334,3.513671875,3.3025453436976075,3.461024
0.0034043259592677504,0.009760636672765768,0.002718896373841297,0.002465672969199613,0.0011272375984465908,-3.736328125,-3.5122694711172078,0.129024
0.01779187232494297,0.010654609567605895,0.00677610746183825,0.012414726172286642,0.007577580273334799,0.263671875,-0.8456028044505408,0.8290240000000001
0.012441279166116832,0.006079968082013248,0.027353491261431696,0.002510132677436937,0.006356152253567984,-1.736328125,1.8210638622161266,1.5290240000000004
0.0071807950475863925,0.0039269031890935965,0.0011955448601484533,0.039734537380284554,0.0032675374503298564,2.263671875,-2.623380582228319,2.2290240000000003
0.011121329400763264,0.018852061363346703,0.02121386653748552,0.001126717488301219,0.001389979980187469,-2.736328125,0.04328608443834803,2.929024
0.00792494540980342,0.0026259187842750404,0.006904335086130375,0.00374657234692472,0.013747939006380347,1.263671875,2.709952751105014,0.269024
0.014283581423121887,0.01734014030371817,0.005965249487181244,0.00992716026329822,0.004133744945628238,-0.736328125,-1.7344916933394297,0.9690240000000002
0.007705649373319646,0.0016750159289382037,0.0024806374774624333,0.008416183855652109,0.020005648248176095,3.263671875,0.9321749733272373,1.669024
0.0025287380420884725,0.0013134966463240884,0.01938187253048616,0.00025082542977556706,0.0016621335619012505,-3.236328125,3.5988416399939034,2.3690240000000005
0.0062165358859016156,0.007980656792312212,0.0007801374229388266,0.02988554304197697,0.000942001269692731,0.763671875,-3.2159731748209115,3.069024
0.013653210970881076,0.01283159662987456,0.009493473295761355,0.006401965376179785,0.005175842022278506,-1.236328125,-0.5493065081542445,0.409024
0.007183988389172372,0.0017634801688709025,0.0037820982560607445,0.004900039161597265,0.020600014295320317,2.763671875,2.1173601585124224,1.1090240000000002
0.008599526392376431,0.032372852789780804,0.004578553146049491,0.004575176935294669,0.001625747198738052,-2.236328125,-2.327084285932023,1.809024
0.024368286204680956,0.003168583010401526,0.004178456535043999,0.015311128578228859,0.026811396880725643,1.763671875,0.33958238073464386,2.509024
0.007258211367445203,0.0006873860707959085,0.020927813496695948,0.0003229668180594418,0.013507613292348312,-0.236328125,3.00624904740131,3.209024
0.005416238792002464,0.002481847542390253,0.001721334170989081,0.01247510684965422,0.005866322467202978,3.763671875,-1.4381953970431334,0.549024
0.005399893079360643,0.006408635570708169,0.014907472255606655,0.0013596584180893584,0.0020966873799652262,-3.861328125,1.2284712696235331,1.2490240000000001
0.005581195186780299,0.0012441923195698225,0.010546070640675578,0.001190337251852725,0.012237416305110582,0.138671875,3.895137936290199,1.949024
0.0037954114047721024,0.02723118005770814,0.0013493557183490588,0.0036024677042698003,0.0004996348039988397,-1.861328125,-3.7098003353147386,2.6490240000000003
0.013891389773927277,0.001651494136512935,0.000873199496858432,0.06882096935126185,0.006702169363609552,2.138671875,-1.0431336686480717,3.349024
0.007522153435077306,0.0062316217327102325,0.01664525895328936,0.0021086368140483852,0.0037126428348736567,-2.861328125,1.6235329980185949,0.6890240000000001
0.009359861582578786,0.00832492471915272,0.002264669873588319,0.021538727962207817,0.003459625770814013,1.138671875,-2.82091144642585,1.3890240000000003
0.03372266768197789,0.017173075631124544,0.014939727709868535,0.00733432430555519,0.00674885962335889,-0.861328125,-0.15424477975918283,2.089024
0.0037247487021806343,0.00036305107276226353,0.0014278747528872608,0.001945911032280635,0.04060129382237562,3.138671875,2.5124218869074832,2.7890240000000004
0.0022433957014603226,0.0473368983887968,0.0020073837771888126,0.00040040808244341114,0.00011828571483652581,-3.361328125,-1.9320225575369605,3.489024
0.012611764784218387,0.005671770076517497,0.007824767593857883,0.007146907930592461,0.010621641343729395,0.638671875,0.7346441091297065,0.022624000000000002
0.006392053273997148,0.002868395429918856,0.014382146811420951,0.0018189835867887295,0.006473151985162095,-1.361328125,3.4013107757963725,0.722624
0.004706722295259522,0.003461168610610918,0.001132972984187375,0.019399742752442464,0.0025790924816588593,2.638671875,-3.4135040390184423,1.422624
0.014090002159949721,0.02866033124918685,0.01209694731454107,0.003477433039272966,0.002414828482172349,-2.361328125,-0.7468373723517754,2.122624
0.013682764808548168,0.0011622191842305162,0.005149847060367026,0.0037025600626583036,0.06713847444292262,1.638671875,1.9198292943148916,2.822624
0.00908553856524415,0.011566231666745919,0.004009808348672656,0.009443429977495353,0.0034456595773644494,-0.361328125,-2.524615150129554,0.16262400000000002
0.006548202273001338,0.0021186623572703274,0.002264833617991243,0.00977657958082482,0.01102939748429312,3.638671875,0.1420515165371139,0.8626240000000001
0.0039295225905227,0.0029723632854465718,0.017645608706073908,0.0007537920743486588,0.0021694653831911452,-3.611328125,2.808718183203779,1.562624
0.024629232814495767,0.014900057291190014,0.0039691248545808315,0.024590424165836896,0.005007079519396375,0.388671875,-1.6357262612406642,2.262624
0.024072591895717758,0.008109967545419133,0.053480664157778995,0.001531949851751902,0.004433513044306658,-1.611328125,1.0309404054260023,2.962624
0.004549275707104939,0.001430880389521096,0.003962288430577174,0.002571182752007453,0.01194966445023431,2.388671875,3.6976070720926684,0.302624
0.005424656065908412,0.017717378665111923,0.0033222223599207287,0.003884942379864939,0.0014192030961748924,-2.611328125,-3.117207742722146,1.0026240000000002
0.022051471184504467,0.006328342387895377,0.0049749702984972196,0.01950512854352616,0.01291811814791946,1.388671875,-0.4505410760554791,1.7026240000000001
0.016403800093352638,0.003333170209586691,0.030497824767493048,0.0021268347420665126,0.012966363908454029,-0.611328125,2.2161255906111874,2.402624
0.002846118751995903,0.0007778580595662636,0.0003154426275498142,0.04074183106297439,0.0020179871610267555,3.388671875,-2.2283188538332572,3.1026239999999996
0.007711527739321405,0.00924432714974449,0.012150025585757682,0.0026068277156855446,0.0030696036844701873,-3.111328125,0.43834781283340973,0.44262399999999996
0.008190463756446829,0.0021660182404472997,0.0086438392270397,0.0028701947446210085,0.016884387200210342,0.888671875,3.105014479500076,1.142624
0.0204610458322757,0.027294230807066163,0.007764972460824412,0.008670748763779197,0.0038081772052504063,-1.111328125,-1.339429964944368,1.8426239999999998
0.008265728942331577,0.0010023572157329633,0.0021930466096633317,0.006527012063053736,0.03916129190835888,2.888671875,1.327236701722299,2.542624
0.0014120054029796002,0.0003228930351970888,0.02110902333463982,2.9509179079174576e-05,0.0014378958414700046,-2.111328125,3.993903368388965,3.2426239999999997
0.004624944095350087,0.004663890744410908,0.0014481138137868782,0.012555312590601398,0.002323759277531442,1.888671875,-3.9914647157445513,0.582624
0.019504796590711818,0.015074362403770462,0.006333915623075106,0.013459759328885048,0.005782685148153378,-0.111328125,-1.3247980490778848,1.282624
0.004789506523321436,0.0008988336811798676,0.001573205409409906,0.005563786104186726,0.01849998556270063,3.888671875,1.3418686175887826,1.982624
0.0019989339625289836,0.01812640733056881,0.0015345593412307834,0.0008862094489350215,0.00026558849429016444,-3.923828125,-3.102575826855662,2.682624
0.11240115176566057,0.010416846401752904,0.005675837556474877,0.011757558562648224,0.006089333062238347,0.076171875,-0.43590916018899595,3.382624
0.007665309455134569,0.004857272560309072,0.01357042754051758,0.0025365088537544424,0.005396393868780785,-1.923828125,2.230757506477671,0.050623999999999995
0.008544649410817746,0.005317950771340133,0.002430614634318788,0.018406321757477768,0.005095836825903053,2.076171875,-2.2136869379667736,0.7506240000000001
0.00973368716913276,0.011660750322194463,0.017717850454867585,0.0023834521965219535,0.0029516900932693335,-2.923828125,0.4529797286998942,1.4506240000000001
0.00802811413528512,0.00132167661975944,0.008077984135647935,0.0020846323554281508,0.026642066781534416,1.076171875,3.1196463953665603,2.150624
0.004467210663083454,0.022008492629705206,0.0010889330034393391,0.006524983097944976,0.0005511880241780541,-0.923828125,-3.695168419448255,2.850624
0.007134801896287277,0.0033161800469022535,0.0025160455100547434,0.012213514697364656,0.007262611662884151,3.076171875,-1.0285017527815885,0.19062400000000002
0.006100602872524789,0.005797188004769267,0.015943465232876167,0.0016401997469803794,0.0028178255930261693,-3.423828125,1.6381649138850793,0.8906240000000001
0.01055750039080458,0.011459812836277816,0.0025188773731272904,0.019757821443094466,0.0031218118326680365,0.576171875,-2.806279530559366,1.590624
0.028723849077061592,0.020841376645099375,0.017923459342035906,0.00504736704327603,0.004772885091526806,-1.423828125,-0.13961286389269967,2.290624
0.004703142829171699,0.0003622582698466674,0.00186580284348648,0.0016339971102691375,0.0637044388351985,2.576171875,2.527053802773967,2.990624
0.007750143190366736,0.015284642795604615,0.005772109613766255,0.00449323491655282,0.002453511537681671,-2.423828125,-1.9173906416704773,0.330624
0.01524846745672167,0.004311067782490885,0.006257767779934805,0.009595978155768936,0.017552748141268653,1.576171875,0.7492760249961901,1.0306240000000002
0.00745973449611092,0.002041552828803303,0.01582240275474845,0.0016290815738971213,0.010915135772556836,-0.423828125,3.415942691662856,1.7306240000000002
0.0023365322007812676,0.0012636141197954972,0.00043011755519638056,0.01958739011553253,0.0014617895905280492,3.576171875,-3.3988721231519587,2.430624
0.0038865214760080906,0.020033684779516614,0.006776450025421966,0.0004809334347681148,0.0003953188580843567,-3.673828125,-0.7322054564852922,3.1306239999999996
0.011848942771142575,0.004267358312391686,0.010520470291139571,0.004640910302153318,0.012854895622331268,0.326171875,1.9344612101813752,0.470624
0.009180419851646504,0.022060328916284982,0.00447060770991776,0.006459500826044837,0.0022574293288245366,-1.673828125,-2.50998323426307,1.170624
0.014778158393501209,0.0031344842028201794,0.003493232852699037,0.01572956106315219,0.019351471924849074,2.326171875,0.1566834324035975,1.8706239999999998
0.004680482145056601,0.00214269474757543,0.0399355307375129,0.00040757294790057854,0.002483302971463292,-2.673828125,2.8233500990702636,2.570624
0.019924584805784063,0.0049035255686261745,0.0012587472241015365,0.07834017434425301,0.0036223324748110275,1.326171875,-1.621094345374181,3.2706239999999998
0.015048380834703714,0.007395643071091793,0.013820854529035559,0.005176537911044162,0.008987807396486221,-0.673828125,1.0455723212924868,0.6106240000000001
0.0032739231008232536,0.0007602852139854033,0.002371446945180065,0.002014757011338101,0.014052456794817767,3.326171875,3.712238987959153,1.310624
0.0027475167314401847,0.016344482808382778,0.0016024224189502914,0.0020396754715868324,0.0005198075832091313,-3.173828125,-3.892699283645786,2.010624
0.03326846148098774,0.009781665584471539,0.0033931389994346565,0.03413928456370572,0.006555123273896911,0.826171875,-1.2260326169791194,2.710624
0.02516375954244151,0.003320808396322074,0.07212696529465432,0.0006409147898434155,0.005148627173267131,-1.173828125,1.4406340496875476,3.410624
0.005063117141367361,0.0036599638186870322,0.0017020317988554396,0.01234858470741499,0.0035168061774645118,2.826171875,-3.003810394756897,0.078624
0.011957865638949197,0.014392952893832897,0.011778424636103395,0.004310761747088913,0.003871030354905324,-2.173828125,-0.3371437280902305,0.7786240000000001
0.009743225339328877,0.002063069025323464,0.005987338117652274,0.004373690910896427,0.02647679849814353,1.826171875,2.329522938576437,1.4786240000000002
0.018160400275666157,0.02174717753569156,0.00371007212044778,0.017295463165593262,0.00326194236512473,-0.173828125,-2.114921505868008,2.178624
0.004052213488400231,0.00047015455349537656,0.0007218470875715078,0.007568118826129819,0.016429909540305678,3.826171875,0.5517451607986601,2.878624
0.00357701177016041,0.002871196760426039,0.010118978163753897,0.0011112830164066315,0.002440028743060258,-3.798828125,3.218411827465326,0.218624
0.0068103340558342456,0.01008880757222442,0.0022291380862650098,0.011696774109663686,0.0023063252669668862,0.201171875,-3.5964029873494896,0.9186240000000001
0.016463330970286634,0.024678431045197832,0.010484774017346302,0.0055168775269455695,0.0034872167574649567,-1.798828125,-0.9297363206828231,1.618624
0.011274043818002916,0.0014955251214913848,0.0041209880273983795,0.005576919470963703,0.0453623197407917,2.201171875,1.7369303459838452,2.3186240000000002
0.0037389203706391385,0.05329023776762037,0.0019373971798382213,0.0015571187820695679,0.0003429138474756255,-2.798828125,-2.7075140984606008,3.018624
0.013784292005269722,0.00598000129712377,0.005995221272693153,0.010615090536939048,0.010699564178460299,1.201171875,-0.04084743179393424,0.358624
0.010153679456160417,0.0037859997551249604,0.017391527190764866,0.0026701394820888478,0.009619315646128045,-0.798828125,2.6258192348727327,1.0586240000000002
0.006530904500246209,0.0026050589944512023,0.0013659715184222733,0.02488863748628985,0.00544619903153984,3.201171875,-1.818625209571712,1.7586240000000002
0.007103478824938661,0.008739534833218232,0.025670771711611255,0.0009281139056042476,0.0016697523972274326,-3.298828125,0.8480414570949559,2.458624
0.004178486368643502,0.00034034481961187774,0.006885786240991138,0.00026637428192981895,0.022183558451455202,0.701171875,3.514708123761622,3.1586239999999997
0.006651988828825673,0.0138026654951569,0.003189810162947529,0.006676367717772181,0.0020969410569816214,-1.298828125,-3.300106691053193,0.498624
0.010321926345874931,0.003492296904810401,0.002796169675492136,0.0171950256731138,0.010665658860964256,2.701171875,-0.6334400243865268,1.1986240000000001
0.009411251892167754,0.005079009559373532,0.03421226105355625,0.0015446050260242814,0.004379456886641222,-2.298828125,2.033226642280141,1.8986239999999999
0.009990175062026024,0.005273274882647998,0.0013041235488059485,0.05433093943838075,0.003171252104951431,1.701171875,-2.4112178021643045,2.598624
0.10510538788092855,0.008515056015871889,0.013721910110044972,0.005209367710243149,0.00822272740990672,-0.298828125,0.2554488645023625,3.298624
0.003975150517446713,0.0011418419499351438,0.0024682245970768083,0.0030971908299931967,0.012561148588662465,3.701171875,2.9221155311690286,0.638624
0.0059890658837959115,0.01803272015118053,0.006255715362367717,0.0024056655770572956,0.0014813732889448134,-3.548828125,-1.5223289132754156,1.338624
0.028348302059085936,0.005145370000226792,0.01306380527854885,0.006801761430707129,0.021509733607703165,0.451171875,1.1443377533912518,2.038624
0.0035216282346926626,0.0008612343598591942,0.023633311438086106,0.00024635158239925736,0.004025799527290428,-1.548828125,3.811004420057918,2.738624
0.001118918919794866,0.0007734206231957648,9.649963037812119e-05,0.026616839860121394,0.00030404966883846674,2.451171875,-3.7939338515470205,3.438624
0.008250854260671955,0.013035863803717998,0.0074708483173925345,0.004069088311893411,0.002911514375560925,-2.548828125,-1.127267184880354,0.10662400000000001
0.012417249302908898,0.0035584766528945606,0.007057479029583096,0.006434344105064146,0.0181062081426139,1.451171875,1.5393994817863135,0.806624
0.009905115605934225,0.018463724315160406,0.0031037633522170717,0.01134840304832181,0.002410436910122238,-0.548828125,-2.9050449626581316,1.5066240000000002
0.007149051304995033,0.001509376452593258,0.0014604284618083363,0.01578595913477079,0.012586386367051157,3.451171875,-0.2383782959914651,2.206624
0.003858857087427223,0.0020967302968946783,0.04640841952289256,0.0002267399384853816,0.0014525477250282503,-3.048828125,2.428288370675202,2.906624
0.010263137172489296,0.008036974487935089,0.003712217735957755,0.013587019992224326,0.005078844572716883,0.951171875,-2.0161560737692428,0.246624
0.017301188378566035,0.009726411112504685,0.015589651570782022,0.005278452445833269,0.007645687682930754,-1.048828125,0.6505105928974251,0.9466240000000001
0.004177090145179143,0.0008382185465777698,0.0028138138615374357,0.00234060308468845,0.020020235054588633,2.951171875,3.317177259564091,1.646624
0.004627027579829055,0.028688231589006182,0.0018533348796785844,0.0038352253619143334,0.0007174579292156962,-2.048828125,-3.4976375552507237,2.3466240000000003
0.0198011593672367,0.0027654579592424323,0.001645611574105685,0.04759318073024175,0.009948271502160627,1.951171875,-0.8309708885840577,3.046624
0.011974322969465276,0.004778566147836484,0.011571938758536026,0.0044908407012044715,0.011207186882384102,-0.048828125,1.8356957780826102,0.386624
0.0038804532779530454,0.002071329293842345,0.0010546020665871995,0.014016088537065294,0.0034271387931496325,3.951171875,-2.6087486663618353,1.0866240000000003
0.0054999267412134045,0.01082046993756453,0.011659637910408017,0.0013350619803077159,0.0014546408866003095,-3.955078125,0.05791800030483252,1.7866239999999998
0.01199634066984998,0.001857514355079071,0.0181271534717441,0.001727364466303637,0.019542229354550845,0.044921875,2.7245846669714977,2.486624
0.011742683202024791,0.09866145976048633,0.0041042171745262765,0.002843518222676786,0.000808531875369774,-1.955078125,-1.7198597774729465,3.1866239999999997
0.010926910662229125,0.003514867459516797,0.00510484813237393,0.00824319956226775,0.015201273699931583,2.044921875,0.9468068891937209,0.526624
0.00391089669880595,0.0023078045119249413,0.015106464214812662,0.0008711227966312637,0.0029767514183292776,-2.955078125,3.613473555860387,1.2266240000000002
0.007938811613479962,0.00829017132749758,0.0016330057595329893,0.02387451732142019,0.002405002715727204,1.044921875,-3.201341258954428,1.926624
0.041489982200941335,0.025200290483795018,0.012176437009427938,0.007224529171529954,0.004684116839478502,-0.955078125,-0.5346745922877614,2.626624
0.00303502033301041,0.000158885290606657,0.0007630030036809042,0.0012626185702393556,0.06355144397097498,3.044921875,2.131992074378906,3.326624
0.005148237731308364,0.014646343455571295,0.004477682900308971,0.0028403496289386436,0.001500295859440865,-3.455078125,-2.312452370065539,0.666624
0.023940219189965216,0.0073704483379659095,0.00949327716174841,0.01026019067284724,0.014141603647600517,0.544921875,0.35421429660112835,1.366624
0.007768061659696102,0.0025585369354879,0.0292451356873444,0.0011714515344981129,0.0066175745092669986,-1.455078125,3.0208809632677944,2.066624
0.009874979748239327,0.0023644088795154927,0.0011500446106534764,0.0531849247783047,0.006263571146053079,2.544921875,-1.4235634811766502,2.766624
0.008238654688546907,0.004187519393320196,0.08535856642641233,0.0002076717110996433,0.0011303188720362537,-2.455078125,1.2431031854900176,3.466624
0.004853613839231505,0.0016642490680947104,0.005151683740586197,0.0023470957123785455,0.010645365146191613,1.544921875,3.9097698521566837,0.13462400000000002
0.005650636795450565,0.010909772678805139,0.0021298677697724816,0.008394071426925054,0.0018113003436097345,-0.455078125,-3.9585429050449625,0.834624
0.006254166017424433,0.002245199474746662,0.001488325762314364,0.018412145789248283,0.006827540258587553,3.544921875,-1.2918762383782965,1.5346240000000002
0.005055436763037678,0.005664968952146017,0.022416557009159926,0.0007308051734831589,0.0015589900535543223,-3.705078125,1.374790428288371,2.234624
0.008200423360604154,0.01339669386515994,0.0011610754258875448,0.02235629268757255,0.0011388016056717392,0.294921875,-3.0696540161560737,2.934624
0.011798945098166412,0.012329525657135538,0.009967765891212305,0.005176946691922865,0.004542866749005691,-1.705078125,-0.4029873494894076,0.27462400000000003
0.008039327735530087,0.0020533376538242705,0.0047862168362176345,0.004731410027964134,0.020279068682246416,2.294921875,2.2636793171772593,0.9746240000000002
0.00741654548916668,0.028086527370284577,0.004924303951490079,0.003579984557093126,0.0015103631390835687,-2.705078125,-2.1807651272671853,1.6746240000000001
0.03060338380454327,0.004224354357665445,0.006264537657750043,0.01274786381125635,0.025680228468811933,1.294921875,0.48590153939948255,2.3746240000000003
0.0063670613151874875,0.0008538932731732699,0.02841626782946333,0.00031869138434237104,0.00864615652988798,-0.705078125,3.1525682060661486,3.074624
0.00369699159531155,0.002800130487597025,0.0011690662204932292,0.011346139799346688,0.0025621784422986352,3.294921875,-3.6622466087486663,0.414624
0.007683864343972429,0.016851725239116423,0.008484451967332211,0.002863549836198329,0.0020794118638188977,-3.205078125,-0.9955799420820002,1.1146240000000003
0.01906743742783607,0.003647891478378967,0.011044317196093953,0.005542265914229054,0.02528140097788687,0.794921875,1.6710867245846677,1.8146239999999998
0.009438124543735833,0.03892671696851123,0.0025865544526702216,0.0076683522179869,0.001279722473733526,-1.205078125,-2.773357719859778,2.514624
0.00928841155220826,0.0008060016986220839,0.0009140539319844761,0.02014334622923645,0.017045851697814668,2.794921875,-0.10669105319311134,3.2146239999999997
0.007106833109973949,0.004257778087736018,0.01625881182331918,0.002015589405973258,0.004919552408795224,-2.205078125,2.559975613473555,0.554624
0.011388834038431347,0.006163192237727232,0.0027378086920494594,0.023617989979654915,0.005976238341254322,1.794921875,-1.884468830970889,1.254624
0.03180608813990977,0.008093301614044448,0.01693425275787472,0.0066861370978750735,0.013435219626201353,-0.205078125,0.7821978356957784,1.954624
0.0016427324087041762,0.00019211075599096002,0.0008263308577369658,0.0008154220695462762,0.016647512203591442,3.794921875,3.4488645023624445,2.654624
0.0008456436865823111,0.015516659452192515,0.0006530660505786383,0.00034102947066549694,5.519907849225778e-05,-3.830078125,-3.36595031245237,3.354624
0.017212307158333447,0.010374337890786933,0.007217934096700726,0.011256154185380491,0.007683955764709923,0.169921875,-0.6992836457857039,0.694624
0.011108102663588214,0.005669127135604061,0.025435075496128272,0.0023716021425423694,0.006062606265530214,-1.830078125,1.9673830208809635,1.394624
0.00820706066743582,0.004413668526238641,0.0014196653366556928,0.037945596138352154,0.003785888226942762,2.169921875,-2.477061423563481,2.094624
0.010487254078922027,0.016199118804434764,0.022939551050008427,0.0011673469038868845,0.0015483990066541338,-2.830078125,0.18960524310318583,2.794624
0.005112754129536652,0.00020869557644283304,0.00398337768850194,0.00022540501794951012,0.058362333303137226,1.169921875,2.856271909769852,3.494624
0.010731132339270377,0.012133617381927355,0.0059098875569525144,0.007799778604386128,0.004236559987837676,-0.830078125,-1.5881725346745927,0.0013440000000000001
0.007348519235097145,0.0021960837230321243,0.0031456025253148666,0.007320966840827154,0.014710182482116954,3.169921875,1.0784941319920751,0.701344
0.0031745072657264053,0.0019781796462247547,0.01381124743633996,0.0006397810208410589,0.002336968359287932,-3.330078125,3.745160798658741,1.4013440000000001
0.005445619738005546,0.008339916958876764,0.0012045590524143266,0.016395179454744634,0.001429863885842608,0.669921875,-3.859777472946197,2.101344
0.026543762372826022,0.047508526627869925,0.007562613700864561,0.006179329454154172,0.0023965791586118565,-1.330078125,-1.193110806279531,2.801344
0.007559698463883479,0.0025487994732514975,0.004038814963515356,0.0061537783106326875,0.013437212396960111,2.669921875,1.473555860387136,0.14134400000000003
0.006196059867431642,0.01758435569281427,0.003674442785066314,0.004535172225961662,0.0016919832727758802,-2.330078125,-2.9708885840573087,0.8413440000000001
0.018671650404945048,0.005328451676436821,0.004646380336423261,0.017867674507441842,0.01391350649447041,1.669921875,-0.3042219173906422,1.541344
0.015119831554719966,0.00304316296955117,0.02367198937219648,0.002398947871923093,0.015468940875829763,-0.330078125,2.362444749276025,2.2413440000000002
0.002838602684027459,0.0007716584483435208,0.00036474364274611507,0.030224324005878933,0.002462928628164566,3.669921875,-2.0819996951684194,2.941344
0.006222943874489769,0.007865393395569353,0.010842010246480337,0.002162255213022394,0.0026112965737372885,-3.580078125,0.5846669714982484,0.281344
0.00787479271707139,0.00233725811634002,0.009990065941577371,0.002595001865262258,0.013572375989389934,0.419921875,3.2513336381649145,0.9813440000000001
0.005771726968479784,0.020583477507251792,0.0023113996326982076,0.005793010766248696,0.0012654634630538304,-1.580078125,-3.563481176649901,1.6813440000000002
0.01338890196982122,0.0030945195838347995,0.001990520309262466,0.03389616873889061,0.01049118654207496,2.419921875,-0.8968145099832348,2.381344
0.007121487811001485,0.0035494683607735387,0.07602376926047999,0.0003508157484018859,0.0017927571897463437,-2.580078125,1.7698521566834335,3.0813439999999996
0.008101961238333531,0.00672278526967642,0.0026208996437921024,0.015108041665029931,0.004065275949879715,1.419921875,-2.674592287761012,0.42134399999999994
0.021414202014423248,0.01188400459336428,0.01208664816516198,0.007820403950149648,0.008047128149400515,-0.580078125,-0.007925621094345914,1.1213440000000001
0.004308904909767845,0.0008019568339650213,0.002199890050970941,0.003032181698177619,0.022020991889816464,3.419921875,2.658741045572321,1.8213439999999999
0.006270120607158799,0.03926991517666059,0.004881768404536563,0.001964585280286315,0.0008492341911105003,-3.080078125,-1.7857033988721236,2.521344
0.04820730531539374,0.0022980538650301,0.0067103877361179565,0.006537083166117951,0.03605386570062849,0.919921875,0.8809632677945443,3.2213439999999998
0.006176693118184711,0.0026871270911175225,0.012587176168904387,0.001884275468451007,0.006922020100265025,-1.080078125,3.5476299344612103,0.561344
0.004596612458268576,0.0031498075230181662,0.0011570186336582102,0.018047849664129985,0.0028167869464653644,2.919921875,-3.2671848803536045,1.261344
0.016671503739589554,0.025380913937130992,0.013380034827109666,0.004187522878963848,0.0031348840663833737,-2.080078125,-0.6005182136869385,1.961344
0.010819808894694074,0.0010872711967812477,0.004412864341754313,0.0036964783013183886,0.06101591535493383,1.919921875,2.0661484529797294,2.661344
0.014045421513848053,0.022605173041398724,0.001341196499524142,0.018867288759283393,0.0009796470516416206,-0.080078125,-2.378295991464716,3.361344
0.005380464571595763,0.0020868595220066223,0.0022819432709813587,0.007408407745610378,0.008706028356399246,3.919921875,0.2883706752019508,0.029344000000000002
0.0036660697230347828,0.003032417543224628,0.011945899232804471,0.0009970625669343664,0.002255107865743591,-3.892578125,2.955037341868617,0.729344
0.019546170951132053,0.014589182762144798,0.005501739732602778,0.015808513835067907,0.0056615003767313205,0.107421875,-1.4894071025758273,1.4293440000000002
0.01654761389525782,0.008837919995423013,0.03567085688527417,0.0024495338434799277,0.005124595383740687,-1.892578125,1.17725956409084,2.129344
0.002611938138356982,0.0002653429161865983,0.0023098116195905834,0.0005259382666931476,0.02530776506184012,2.107421875,3.843926230757506,2.829344
0.0039789032179601,0.010864609991831243,0.0026647983254683752,0.0033184392288541855,0.0013028911929275626,-2.892578125,-3.7610120408474317,0.16934400000000002
0.015360868404220466,0.007919715594560978,0.0047695911353565785,0.016339205078878993,0.008023785554754545,1.107421875,-1.0943453741807656,0.8693440000000001
0.017890850513038466,0.006359161656274613,0.023225544248265305,0.003762338724695065,0.010058454100698378,-0.892578125,1.5723212924859018,1.569344
0.004155098795538127,0.0021153630022455764,0.0007405777314780626,0.02932515467884239,0.002504285384786057,3.107421875,-2.872123151958543,2.2693440000000002
0.005967142508484225,0.01710663079012425,0.012857750785037375,0.0006774558391761675,0.0007430530045460397,-3.392578125,-0.20545648529187677,2.969344
0.009399334972691412,0.0033185618492800857,0.008993113827022252,0.0039004975325888304,0.012805071858287515,0.607421875,2.46121018137479,0.30934399999999995
0.01167372472264322,0.020368831759131133,0.005737112774050288,0.007430291858830838,0.003081155189917452,-1.392578125,-1.9832342630696544,1.009344
0.011621787604728148,0.002453711498011915,0.0034321625398156005,0.010931377860752604,0.022299346388213265,2.607421875,0.6834324035970134,1.7093440000000002
0.004196677038314966,0.0016593151139944866,0.02971083541551533,0.000423110156564356,0.0030208381226726,-2.392578125,3.3500990702636795,2.409344
0.0036440879588861357,0.0032494394162417327,0.00044213239563762366,0.03792104473844863,0.0007911498610534899,1.607421875,-3.4647157445511354,3.1093439999999997
0.015129345212930473,0.011674992028534857,0.007722971635298691,0.009062748157613617,0.00624062043457688,-0.392578125,-0.7980490778844693,0.44934399999999997
0.005371488044187905,0.0013505444405151443,0.002472525659129831,0.004889589673007158,0.016685660263989512,3.607421875,1.8686175887821985,1.1493440000000001
0.004067573113857395,0.02058477924892817,0.003282706102317492,0.001953960422099263,0.000814421654126678,-3.642578125,-2.575826855662247,1.8493439999999999
0.05352095469724831,0.008436513439136898,0.009577715634452621,0.012081088479355956,0.014143905148441457,0.357421875,0.09083981100442085,2.549344
0.005629801326556195,0.0011012516028875408,0.07274918869236952,0.00017184891049418886,0.0034880865032716,-1.642578125,2.757506477671086,3.249344
0.00876333191482114,0.004653351233666734,0.0026517745928002208,0.016831317362435462,0.006316271980668378,2.357421875,-1.6869379667733582,0.589344
0.010228603698229581,0.009126058032498479,0.020613425035540176,0.0024478894424711955,0.0037502176794185285,-2.642578125,0.9797286998933092,1.289344
0.005525720534842447,0.0010072403601568444,0.006008233974362391,0.0016392202662848696,0.021055963392143856,1.357421875,3.6463953665599753,1.989344
0.00778645389219005,0.025794791857330013,0.0016548420902041036,0.01036548794109726,0.0010450322591847847,-0.642578125,-3.168419448254839,2.689344
0.004137885614889175,0.0003741574977290646,0.00035892786059254556,0.02024188013119099,0.007998512742718499,3.357421875,-0.501752781588173,3.389344
0.005628766250970036,0.0046516662873046935,0.012397829313075691,0.0018242750450782436,0.0033629812334036034,-3.142578125,2.1649138850784944,0.057344000000000006
0.01095138581834933,0.009147783520955344,0.0033845213655990824,0.016289222798765303,0.004585855715935646,0.857421875,-2.2795305593659503,0.757344
0.021740602064315995,0.012247962576195889,0.01758944274174541,0.005501812065333335,0.007160734292106821,-1.142578125,0.3871361073007167,1.4573440000000002
0.0043708257751842675,0.0006703129925838202,0.002584134155798597,0.0022269300325547256,0.028133368183565044,2.857421875,3.0538027739673828,2.157344
0.013400270975074718,0.06315547627116332,0.006644335772046519,0.0031165662448855167,0.0012535053184547667,-2.142578125,-1.3906416704770619,2.857344
0.00997845097705161,0.0034671634874874316,0.005529291373336172,0.006783698032168302,0.013979814830726077,1.857421875,1.276024996189606,0.19734400000000002
0.005665069463179394,0.0019284961692136776,0.009909669165332117,0.0017802613583526616,0.009238436697506826,-0.142578125,3.942691662856272,0.897344
0.0023546858328035033,0.001602242870389344,0.0005931630065731872,0.011917997644834862,0.0016227325985724516,3.857421875,-3.925621094345374,1.597344
0.004942953550525627,0.02128510948731991,0.006139952169875557,0.00135212091099064,0.0008532495398016223,-3.767578125,-1.2589544276787077,2.2973440000000003
0.038428328394644225,0.0030092659948490956,0.01662108508798929,0.0035120029066594994,0.025433279748092657,0.232421875,1.4077122389879593,2.997344
0.006598638069114397,0.014193144468435054,0.003662129223845954,0.005634923832003491,0.0021003132450380106,-1.767578125,-3.0367322054564854,0.337344
0.01252762095493756,0.0042573044885973995,0.003738767443986868,0.015592038930676457,0.012031238885490186,2.232421875,-0.37006553878981885,1.037344
0.00681596304606986,0.004300922598585434,0.0278778454626715,0.0012192419891471366,0.0034102464145921788,-2.767578125,2.2966011278768477,1.7373440000000002
0.014643580449599895,0.008073807564420128,0.0020043547732518877,0.043406462297535225,0.003951665699623079,1.232421875,-2.147843316567597,2.437344
0.06359108111229052,0.009565982744505295,0.02478106649101501,0.0034283323594081917,0.006990314411601543,-0.767578125,0.5188233500990709,3.1373439999999997
0.004306603163830453,0.0012799852470534805,0.0029948827790275286,0.002969402328262814,0.012744468032923395,3.232421875,3.185490016765737,0.477344
0.0035790293665678196,0.014294619839173097,0.002380303568977446,0.0026045462861833753,0.0009171350689419467,-3.267578125,-3.629324798049078,1.1773440000000002
0.026547549712222875,0.010329320501468165,0.005348234719409329,0.02125516560401783,0.008653874968262693,0.732421875,-0.9626581313824114,1.877344
0.01918455505538926,0.005114856878363722,0.04763031936964362,0.0018850666153023075,0.007633224259437595,-1.267578125,1.704008535284256,2.577344
0.002845942120984849,0.0010526780417064484,0.00026452303676138345,0.06415034970700284,0.0011532459139341057,2.732421875,-2.7404359091601895,3.277344
0.011150789056100514,0.012522876733871775,0.012264121343294684,0.003962934939163669,0.0039602751884621114,-2.267578125,-0.07376924249352257,0.6173439999999999
0.008810504544905413,0.0020126909238201564,0.006193819474674727,0.003854727671400146,0.023342511712767577,1.732421875,2.5928974241731435,1.317344
0.02026430329175509,0.02177862573383304,0.004649592456205107,0.015676673985349013,0.0038672445522512635,-0.267578125,-1.8515470202713002,2.017344
0.0046207823328059255,0.0005755870187106874,0.0009618332003247389,0.006934445055658057,0.020094184894607518,3.732421875,0.8151196463953667,2.717344
0.0006707868548933056,0.00029309297928776395,0.017698681291645493,1.1300751934503095e-05,0.00033858232692183507,-3.517578125,3.481786313062033,3.417344
0.006757871108651176,0.008166311744801607,0.002613056093625879,0.010529079884312545,0.002901294891465678,0.482421875,-3.3330285017527816,0.085344
0.014438067882651302,0.015605494969918983,0.010150467717013795,0.006049372209139231,0.004593820365403549,-1.517578125,-0.6663618350861151,0.785344
0.00860144248633399,0.0018183045891930045,0.004206527156358545,0.005241966284428594,0.02616977598112292,2.482421875,2.000304831580552,1.4853440000000002
0.007000311553523692,0.03850672696379237,0.003792867139486485,0.0034579076521607404,0.0011155558657074606,-2.517578125,-2.444139612863893,2.185344
0.034565663794497464,0.0031574926037436692,0.0040613393440215575,0.016318258369104284,0.025559461010565974,1.482421875,0.22252705380277416,2.885344
0.007986323330738718,0.003416497766064286,0.011582840612040316,0.0027852247045653585,0.008786894459143102,-0.517578125,2.8891937204694402,0.225344
0.00609522640689839,0.0026935754811575627,0.0017207590525460136,0.015613211857246945,0.006039212529180523,3.482421875,-1.555250723975004,0.925344
0.008548864804762735,0.008283574267107777,0.022641380712710865,0.0017915115460933552,0.0029299268622235987,-3.017578125,1.1114159426916634,1.6253440000000001
0.005060823128955507,0.0008032314266709135,0.00680527438544667,0.0010684953618742485,0.01942271498356152,0.982421875,3.7780826093583295,2.3253440000000003
0.0034897484661234246,0.02078831764419497,0.000857259102287482,0.0052316900775922276,0.0003740336118359427,-1.017578125,-3.826855662246609,3.025344
0.0074673571416095826,0.0034616748291902916,0.0024890337529143514,0.013469640712100031,0.007210455958313014,2.982421875,-1.1601889955799423,0.365344
0.011275430523979259,0.0071149182912774115,0.021339737479437043,0.002786360045362641,0.005438264692166774,-2.017578125,1.5064776710867243,1.065344
0.00713684188576724,0.005051989441963605,0.0014640016807998654,0.02828614102590369,0.0031407170019437367,1.982421875,-2.9379667733577204,1.7653439999999998
0.05116469703252818,0.01285027243635609,0.009890119483261814,0.0122082596129612,0.009482318342473964,-0.017578125,-0.2713001066910534,2.465344
0.0014242268958751067,0.00010294804911409157,0.00040570623968244537,0.0008920069967340538,0.02160460260031871,3.982421875,2.3953665599756135,3.1653439999999997
0.00447418531137136,0.012049140484099675,0.004561656962123606,0.0023134575866927474,0.001400279249761628,-3.970703125,-2.049077884468831,0.5053439999999999
0.022266676089920105,0.007923942727283867,0.0122410495957428,0.0077577134370585155,0.012299762632185357,0.029296875,0.6175887821978367,1.2053440000000002
0.00580432513140066,0.002357759340509797,0.025546088647245294,0.0009329685906091276,0.004710837332531432,-1.970703125,3.284255448864503,1.905344
0.0040938840616048956,0.0033108026574284774,0.0006575493068346637,0.03179851726553127,0.0013711377006146582,2.029296875,-3.5305593659503125,2.605344
0.006523816931086048,0.03902231916452458,0.007315404615960987,0.0006973317556232827,0.0004697012854930804,-2.970703125,-0.863892699283646,3.305344
0.012015921571578313,0.003733458160795543,0.008359871757000637,0.005448507748035102,0.016107119602786674,1.029296875,1.8027739673830219,0.6453439999999999
0.010432723400543404,0.020829775920633127,0.003879811535048966,0.009260996992146468,0.0025306937020106897,-0.970703125,-2.6416704770614237,1.345344
0.009692785122568921,0.0020268572590734207,0.0021411549447076348,0.01543300029574093,0.016484630726804065,3.029296875,0.024996189605243302,2.045344
0.0028270240827358794,0.0017862631028160983,0.029199027786889462,0.00020206361433942608,0.0011940907987042265,-3.470703125,2.6916628562719094,2.7453440000000002
0.026457964691468758,0.01071089494358011,0.001452270265279467,0.03931318827257336,0.0020033072369269405,0.529296875,-1.7527815881725348,3.445344
0.011240281416345352,0.007837593323387144,0.012742416754671563,0.004158773889937821,0.006080808157322858,-1.470703125,0.9138850784941326,0.11334400000000001
0.0046178452877056264,0.0012637127489833664,0.003766667363441272,0.0025457409654849397,0.014511731047351206,2.529296875,3.5805517451607987,0.8133440000000001
0.005328987748267263,0.021706162917891507,0.00288111049325017,0.0038745563284301172,0.0011880108527954028,-2.470703125,-3.234263069654016,1.5133440000000002
0.024777961553195164,0.00557000042430744,0.003953628464447875,0.025755103441179022,0.013093965965851011,1.529296875,-0.5675964029873497,2.213344
0.019120296377714136,0.002458456745864865,0.03386260796872497,0.001444612795177885,0.014246445101039187,-0.470703125,2.0990702636793177,2.913344
0.004891156082813993,0.002839044545034051,0.0015994535531712259,0.012316439711512283,0.004242538320676365,3.529296875,-2.345374180765128,0.253344
0.006310812817623448,0.009394015054021206,0.011817317208307544,0.0019271468922674652,0.00218934547449204,-3.720703125,0.32129248590153914,0.9533440000000001
0.009688790494641155,0.002294969594628036,0.012822855024819432,0.0024909608941075627,0.016902885838118872,0.279296875,2.987959152568205,1.653344
0.016986178254763524,0.04394603803119831,0.0072812353546842495,0.005554892462771085,0.0022757508082877002,-1.720703125,-1.4564852918762385,2.3533440000000003
0.012368074340094456,0.000861085455254616,0.002332470864275773,0.006386036059580393,0.06461014912863672,2.279296875,1.2101813747904284,3.053344
0.003952833481580718,0.0023912714592032288,0.011086020285969365,0.0011805506514034319,0.003423752438279499,-2.720703125,3.8768480414570945,0.39334399999999997
0.00581686616129622,0.00645433951654341,0.0016247451390292485,0.015294572904648291,0.002346287792194549,1.279296875,-3.7280902301478434,1.093344
0.024749207531602525,0.02171704835212336,0.008429195436891739,0.010360737118599896,0.005089702868766807,-0.720703125,-1.0614235634811768,1.7933439999999998
0.005790853794436153,0.0007412777980493334,0.0017282703173904452,0.004938960184357742,0.03327473733305963,3.279296875,1.6052431031854901,2.493344
0.0021755541697756086,0.03883387692953428,0.0013941046549702269,0.0008411831376040323,0.00017458364286395214,-3.220703125,-2.8392013412589545,3.1933439999999997
0.015845079516238297,0.007282398178269738,0.006843766745009385,0.010874836968983942,0.010115872585712827,0.779296875,-0.172534674592288,0.5333439999999999
0.010323269892039506,0.004162999727887645,0.02109035681258655,0.002438687483325643,0.008135111461366392,-1.220703125,2.4941319920743785,1.233344
0.007726549456145391,0.003182504640114245,0.0014532265405733707,0.03171033612054912,0.00523779701784617,2.779296875,-1.9503124523700657,1.933344
0.016304067439210815,0.011772188853451862,0.03760355291612269,0.0017248635377607475,0.003121877355212247,-2.220703125,0.7163542142966017,2.633344
0.002637153854069209,0.0001451089042214179,0.002043229675825701,0.00020024714303659081,0.0434052441880674,1.779296875,3.383020880963268,3.333344
0.007139242720182346,0.01135206564866646,0.0026579547516673045,0.009991890908914476,0.0024080478789050733,-0.220703125,-3.431793933851547,0.6733439999999999
0.005986528154103166,0.001986498739436214,0.0015993598985895204,0.014086960623416616,0.008197629727265471,3.779296875,-0.7651272671848806,1.3733440000000001
0.004198076307216034,0.004110222159349947,0.02070266071641767,0.0006374292919290871,0.0015934828620592803,-3.845703125,1.9015393994817869,2.073344
0.013802276921374302,0.01802266556338152,0.0019251959253981392,0.023530310186426453,0.0019294526750273143,0.154296875,-2.5429050449626587,2.7733440000000003
0.02527549762277781,0.017759222404255853,0.02540096372193152,0.0009416129745009431,0.0014724037708025294,-1.845703125,0.12376162170400917,3.473344
0.006231115171716002,0.0020989851186702024,0.004764240832686608,0.0037522850929310177,0.012849721575867048,2.154296875,2.7904282883706744,0.0069440000000000005
0.007574678551124533,0.016922818481563105,0.006432759408629036,0.0037047321708701584,0.0021850046901581302,-2.845703125,-1.6540161560737694,0.706944
0.018925150452295036,0.004524090476861463,0.00815473544206639,0.00848759933707153,0.02068284083473454,1.154296875,1.0126505105928976,1.406944
0.005807283086765657,0.0015295748939490054,0.018170880312670484,0.0009226608472117173,0.008028890113973612,-0.845703125,3.6793171772595636,2.1069440000000004
0.002624635453630666,0.0012699018361217664,0.0003806654719162499,0.03132006756521886,0.0013780232394810204,3.154296875,-3.135497637555251,2.806944
0.006724915675970153,0.01057399696552472,0.0084809885596849,0.0027918943639462473,0.002505840379158715,-3.345703125,-0.4688309708885843,0.146944
0.011763887856144567,0.0035142963507087373,0.010107990556089519,0.0043802955030112735,0.01607351297298155,0.654296875,2.1978356957780827,0.846944
0.011930297538515372,0.026356236247030377,0.004852114846403254,0.00787526595834621,0.0025459360851974922,-1.345703125,-2.246608748666362,1.5469439999999999
0.012277402977949462,0.002041465416492398,0.002659628931579179,0.013515531948340449,0.02403422650915839,2.654296875,0.420057918000305,2.2469440000000005
0.0037704924921918488,0.0012230106328544555,0.04633384359734699,0.00018951745005729077,0.0022810147741037096,-2.345703125,3.086724584666971,2.9469440000000002
0.010638139779246462,0.006033834632028876,0.003722355753133552,0.014295737654440518,0.006941814657942406,1.654296875,-1.3577198597774731,0.286944
0.016994011422259148,0.006454044409740593,0.01493221168738474,0.0051946308394574875,0.011464338944738833,-0.345703125,1.3089468068891943,0.986944
0.0023734504416968493,0.00047808643909163454,0.0016860640894274849,0.0014242250438489545,0.012399852542775,3.654296875,3.9756134735558604,1.686944
0.0018413102406133666,0.013811923704949705,0.001182823601798796,0.001259118041320663,0.00029329675774647523,-3.595703125,-3.9804907788446884,2.386944
0.04197879675146869,0.013284905467722595,0.0031191019254272197,0.02845831258038198,0.004318187060303146,0.404296875,-1.3138241121780219,3.086944
0.011186790284258277,0.007077066263866792,0.015354244068978342,0.0035519581899421952,0.006266176177592899,-1.595703125,1.352842554488645,0.426944
0.005865102708380542,0.004231415480899892,0.0015057194301066868,0.019347112836548615,0.0032532320577547034,2.404296875,-3.0916018899557995,1.126944
0.012295891527231009,0.020948801199821565,0.013849726382860179,0.00310824411197099,0.002629201803162804,-2.595703125,-0.424935223289133,1.8269440000000001
0.012672458251276594,0.0014471215971001443,0.006921833123267173,0.003348727056778589,0.048573565059442964,1.404296875,2.2417314433775335,2.5269440000000003
0.01639584700929129,0.04163187117265412,0.0021146024960988115,0.011415277067265311,0.0011196926990965893,-0.595703125,-2.2027130010669107,3.226944
0.0069595213606306735,0.0023191469241266305,0.002718007311038586,0.008688782184465936,0.011776443960057167,3.404296875,0.4639536655997567,0.566944
0.004474602618640954,0.0028810409867399116,0.01732953705067981,0.0009868342412071933,0.002946993772009233,-3.095703125,3.130620332266423,1.2669439999999998
0.006038877741133998,0.007849185870816369,0.0013250992172414502,0.01883551147855914,0.0017580606354411449,0.904296875,-3.684194482548392,1.9669440000000002
0.03220877100338857,0.03630109002170747,0.008648870975850098,0.007493365885893122,0.0032930984812963096,-1.095703125,-1.0175278158817256,2.6669440000000004
0.004451068020977534,0.00021799585107578378,0.0008449240154415569,0.0023137150285621644,0.07111383060048845,2.904296875,1.6491388507849418,3.366944
0.006372694477352151,0.013177928263520638,0.004063700885126376,0.0049307356777178275,0.002153390616522692,-2.095703125,-2.7953055936595033,0.034944
0.013070729347478893,0.004740612491206731,0.004595510468731925,0.01288501042917987,0.012215056278904674,1.904296875,-0.12863892699283674,0.734944
0.012071714197684384,0.0033294984236062006,0.01577483455604539,0.0030744329907657184,0.014555384695181499,-0.095703125,2.5380277396738293,1.434944
0.00399402937601797,0.0014111004334167966,0.0007810021583705012,0.020355927909207084,0.004048626198027066,3.904296875,-1.9064167047706144,2.1349440000000004
0.0038519555232858194,0.006513135838768596,0.017531896997452983,0.0003770071905169954,0.0007395990605397798,-3.908203125,0.7602499618960525,2.834944
0.00665966885940153,0.002558798103608137,0.00897320741412021,0.0025165310610762116,0.009529294520828306,0.091796875,3.4269166285627186,0.174944
0.0058900530543918314,0.01632437006102377,0.0030305504775828837,0.005224937780966042,0.0016313910287920135,-1.908203125,-3.387898186252096,0.874944
0.014788889437028533,0.004617862377004738,0.003346222557108868,0.022089607697225337,0.011402548302639762,2.091796875,-0.7212315195854293,1.574944
0.006859260286054267,0.00463171799646688,0.03710815170270544,0.0008649359974285703,0.002623759490134464,-2.908203125,1.9454351470812377,2.2749440000000005
0.01122589646272177,0.007475046925462182,0.001174839331017277,0.053377502655060895,0.0020683792190526176,1.091796875,-2.499009297363207,2.9749440000000003
0.014232404537079956,0.009832917397049985,0.010961825314998147,0.006082400463702723,0.006757379547476179,-0.908203125,0.16765736930345998,0.314944
0.005037815799399907,0.001279818039178673,0.0031291117843369565,0.0033678624509962687,0.017093375949522812,3.091796875,2.834324035970126,1.014944
0.0062163740441472425,0.022330921553662942,0.006051179272652333,0.002348633362681237,0.0013246303437802487,-3.408203125,-1.6101204084743181,1.714944
0.0345222188616924,0.004551632872043356,0.011852745739539133,0.00709365072805624,0.0255277713602182,0.591796875,1.0565462581923493,2.414944
0.002882103147107716,0.0005317156667475858,0.025855772421468786,0.00010036473543409134,0.003540796183095169,-1.408203125,3.7232129248590153,3.114944
0.0041348021959269985,0.003596016802813069,0.0013039025850238792,0.012027110577631539,0.002446436474444491,2.591796875,-3.881725346745923,0.45494399999999996
0.010641395596529447,0.0207824346890182,0.008520340915975299,0.004309996215711378,0.0027051671785329177,-2.408203125,-1.2150586800792564,1.154944
0.01631212647364779,0.002882720583699762,0.006682812014517215,0.007005629231325251,0.031179198571914195,1.591796875,1.45160798658741,1.8549440000000001
0.009532167101608655,0.02334684575683663,0.001925852290897627,0.013263347493793383,0.0014302812878481284,-0.408203125,-2.992836457857034,2.5549440000000003
0.003803450455121955,0.0003837731113014125,0.0004088566182026791,0.015113035121472983,0.009035051577930634,3.591796875,-0.3261697911903676,3.254944
0.004699916880702562,0.00411624541227425,0.01326560892604839,0.0013460034077222478,0.0026254002647880742,-3.658203125,2.3404968754762994,0.594944
0.014343259221720072,0.012965160708289781,0.0039387029283390685,0.017309314770124738,0.004435176048676756,0.341796875,-2.1039475689681453,1.2949439999999999
0.0213408650207431,0.013011885536318843,0.025389594007980194,0.003729769777773305,0.005440690918187881,-1.658203125,0.5627190976985226,1.9949440000000003
0.004042535624280151,0.00042793686820579444,0.002620044356329436,0.0012379183114775878,0.038110815771385864,2.341796875,3.2293857643651886,2.6949440000000005
0.001382020846384585,0.03031448039253516,0.0006516535649426767,0.0009084024220609644,8.850279303581616e-05,-2.658203125,-3.5854290504496267,3.394944
0.011364102789925968,0.0063418045692186205,0.004572382878399596,0.012024569112961821,0.007661742953683119,1.341796875,-0.9187623837829602,0.06294400000000001
0.013343300099131955,0.005597280540594437,0.015588484651527117,0.004042790917136756,0.009914737627405069,-0.658203125,1.7479042828837077,0.7629440000000001
0.004718510391117035,0.0025622335874595534,0.0011152496877824593,0.01977034882794958,0.0034541805052428257,3.341796875,-2.696540161560738,1.462944
0.008867350636080764,0.016114547859685684,0.01607974657649906,0.0017531843223480626,0.0018525919536685656,-3.158203125,-0.029873494894071317,2.1629440000000004
0.010905739193705464,0.001022158503824292,0.009518870384090085,0.0015273046999856087,0.039694254183257074,0.841796875,2.636793171772595,2.862944
0.010368904319476022,0.013875981808793523,0.005776160659043993,0.0073068563297392095,0.0036657549751214135,-1.158203125,-1.807651272671849,0.202944
0.008943724018354431,0.002548974130519494,0.0035225212836763804,0.008660704705596023,0.016214773084070003,2.841796875,0.8590153939948184,0.902944
0.005015139623832762,0.0022611502507446806,0.019915105406393983,0.0009587255577342985,0.004259735315811567,-2.158203125,3.5256820606614845,1.602944
0.005729120732474133,0.004594005044425089,0.0010001438328626165,0.032180418514370424,0.0020207748531838716,1.841796875,-3.2891327541533304,2.3029440000000005
0.07029016859524226,0.016527077127321134,0.007244091542012561,0.012524764171449597,0.005926574229573281,-0.158203125,-0.6224660874866639,3.0029440000000003
0.004645247244087322,0.0014670690594034818,0.0024934103009194744,0.004342037893792903,0.011763877321722167,3.841796875,2.0442005791800035,0.342944
