RSS0/RSS1,RSS0/RSS2,RSS0/RSS3,RSS0/RSS4,RSS1/RSS2,RSS1/RSS3,RSS1/RSS4,RSS2/RSS3,RSS2/RSS4,RSS3/RSS4,X,Y,Z
0.3463658141866806,1.2528236256091838,1.2938810931534543,2.9131722101666098,3.617053341568952,3.73559121644751,8.410680531527568,1.032771945471819,2.325285180306273,2.251499172204928,-4.0,-4.0,0.0
1.3136712527318297,2.862727225445745,0.3424588415249733,1.2864636619121548,2.179180841091403,0.2606883882195161,0.9792888892383877,0.11962678053325539,0.44938394775347273,3.7565497102761807,4.0,-4.0,0.0
1.2959336256614111,0.3542544632208181,3.0715875342110555,1.2918362883642849,0.273358493217595,2.3701734976152014,0.996838312382677,8.670568343119044,3.646633768899171,0.420576094275658,-4.0,4.0,0.0
2.982246256712152,1.3094771110208723,1.335298351178623,0.3460985825230194,0.439090872550725,0.4477491917957017,0.11605298581364772,1.019718741122264,0.26430288823696957,0.25919194928798484,4.0,4.0,0.0
0.04450453339560381,1.2575541431060442,1.7969547673124915,17.969562743190643,28.256765033969916,40.37689264909799,403.7692651096459,1.4289283504519152,14.28929548815088,10.000008386446895,-4.0,-4.0,3.5
2.1958290943149312,14.424479288302694,0.035065484274295,1.9199441374445219,6.569035507202319,0.015969131825915143,0.8743595493908501,0.0024309705448245056,0.1331031851528582,54.753104860210094,4.0,-4.0,3.5
2.1997547377750797,0.035962925792072505,45.59919098000337,1.7648535700244736,0.016348607039913393,20.729215942557406,0.8022956103776904,1267.9499783650817,49.07424885918235,0.03870361583385143,-4.0,4.0,3.5
23.189557054563753,2.523751075975008,9.623246272025568,0.032843695798791116,0.10883136189435444,0.41498189246920925,0.0014163140641932793,3.8130726772678214,0.013013841226834353,0.003412953890026338,4.0,4.0,3.5
0.3530344434800471,1.9042100060330425,1.039502336080239,3.4360492192447953,5.393836327306305,2.9444785212267535,9.732900805297756,0.5458968983393742,1.8044486733913172,3.305475225963867,-1.99609375,-3.7878372199359855,0.74592
2.644503612286517,4.361027513705808,0.5845201000065191,1.518136508408841,1.649091153986034,0.2210320671489367,0.574072389750383,0.13403265587513338,0.34811440735873644,2.597235763820456,2.00390625,-1.1211705532693186,1.44592
1.2399431106387893,0.2382285193283709,6.855411079827991,2.9521776270397373,0.1921285882266334,5.528810976090867,2.3808976409561606,28.776617926162682,12.392209108139973,0.4306346610966195,-2.99609375,1.5454961133973475,2.1459200000000003
1.0878189059469578,7.843039268116651,0.2158203501187313,5.158384714958169,7.209875858233225,0.1983973149748279,4.741951704238621,0.027517438424167963,0.6577022680388609,23.901289716749776,1.00390625,-2.8989483310470963,2.8459200000000004
1.2437067251485654,1.3843064800193643,2.0951618597837114,2.2505179847591874,1.1130489624505355,1.6846108631706853,1.8095246566189909,1.513510115010372,1.6257367983480844,1.0741499394187684,-0.99609375,-0.23228166438042974,0.18592
3.782945066913472,1.7325764904184886,1.4221450700682712,0.3379444581934706,0.45799673528754364,0.375935955958411,0.08933369430849324,0.820826715549375,0.19505312467436464,0.2376300880312072,3.00390625,2.434385002286236,0.88592
0.25797064233669104,1.111210542841049,2.290791242025971,4.453522511282611,4.30750775660259,8.88004627687882,17.263679583625198,2.061527634690245,4.007811606877147,1.944097929824424,-3.49609375,-2.010059442158208,1.58592
6.28058474897972,3.424007207990414,4.2264325812716645,1.9353072323364091,0.5451733150399162,0.672936159639952,0.30814124953107264,1.2343527114687949,0.5652170438835792,0.45790562019425535,0.50390625,0.6566072245084591,2.2859200000000004
4.8016247615979655,0.12071122816725935,20.304300295485447,1.0573106456038497,0.02513966296006168,4.228631203727849,0.22019851573157503,168.205564666706,8.75900826838431,0.05207323720674763,-1.49609375,3.323273891175125,2.98592
1.2169435941709263,3.1164987532832606,0.37629258892766443,1.6481940922310745,2.5609229287298683,0.30921119986996876,1.3543718050087183,0.12074209512557534,0.5288608219383006,4.380086509085914,2.50390625,-3.4915409236396893,0.32592
0.60004031423313,1.0724738268076122,2.6834164374831637,3.616684126419644,1.7873362861931483,4.472060249672812,6.027401893890876,2.502081048887484,3.3722819485350755,1.3477908519528234,-2.49609375,-0.8248742569730223,1.0259200000000002
5.290287943044279,1.9281512173571833,2.5148973406854425,0.4672001683194862,0.3644699944721033,0.47538004882929924,0.0883128051534067,1.304305034815932,0.24230473425204335,0.18577305751659406,1.50390625,1.8417924096936442,1.7259200000000001
0.47407974482619125,4.776537449055752,0.9452354437910425,6.559572605264083,10.075388162400701,1.9938321645392971,13.836432956377363,0.19789134993129825,1.373290312328821,6.939617688219241,-0.49609375,-2.6026520347508004,2.42592
10.036177380800428,7.877520850801011,0.39310807897472994,0.33864990830493374,0.7849124773213947,0.03916910433715131,0.03374291779186599,0.04990251202378696,0.042989401706312054,0.8614676889576292,3.50390625,0.06401463191586654,3.1259200000000003
1.1905232010555242,0.34673252971833973,3.402990577734793,1.6380479992698482,0.291243824069052,2.858399210294838,1.3759059863911483,9.814454330256046,4.724240902924451,0.48135543189197366,-3.74609375,2.7306812985825317,0.46591999999999995
1.2478077616873873,3.3346179811878027,1.0265997942062337,3.0361947360513044,2.6723811820808527,0.8227227187767946,2.4332231528561055,0.30786129025806885,0.9105075163571814,2.957525175035602,0.25390625,-1.7137631458619111,1.16592
1.7677500350289763,0.6351181589789512,5.613312203726861,3.157284080431052,0.35928052405245214,3.1753992886414224,1.7860466796026955,8.838217148051807,4.971175891910987,0.5624636517339671,-1.74609375,0.9529035208047549,1.86592
8.262488782342952,1.2586584839932133,3.4047637645901254,0.12467468078293735,0.1523340626716472,0.4120748426147519,0.01508924055054317,2.7050735428948047,0.09905362127095438,0.03661771840959017,2.25390625,3.619570187471421,2.56592
0.05031133352024496,2.0330584423415,1.9279437669189794,13.697489953210642,40.40955188602604,38.32026766182191,272.2545596550101,0.9482972681781551,6.73738131080731,7.104714457051002,-2.74609375,-3.195244627343393,3.2659200000000004
2.212242163567208,2.743477359188722,1.104559594966178,1.500631404016534,1.2401342874529182,0.4992941609905363,0.6783305321316125,0.40261297993463635,0.546981515626682,1.3585789402902104,1.25390625,-0.528577960676726,0.60592
2.8605725427134954,0.6706800877630336,4.172196016382234,1.2593343664852978,0.23445659138112146,1.4585178156064356,0.44023857031456803,6.220843726400246,1.8776975632087785,0.3018396934229574,-0.74609375,2.13808870598994,1.30592
2.282839219640256,5.178222509074011,0.19150772996937618,1.3562388445780342,2.268325541511429,0.0838901523689238,0.5941017803223825,0.03698329487266901,0.26191204456769507,7.081901314348561,3.25390625,-2.3063557384545037,2.00592
0.607084572415795,0.3495278523482102,8.416483194085147,5.755814378555747,0.5757482041708301,13.863773807647773,9.481075026583879,24.079578029450975,16.467398348620385,0.6838740416663294,-3.24609375,0.3603109282121624,2.7059200000000003
18.861411976085336,0.8046397726956453,24.384220511640187,0.16049181084910813,0.04266063292164235,1.2928099201988326,0.008509002987294805,30.304518045323505,0.19945796404202118,0.006581789677160066,0.75390625,3.0269775948788284,3.4059200000000005
0.8219882850595613,1.6233685046833888,1.5807398781233974,2.670348773572183,1.974929003478145,1.9230686213598007,3.248645780126525,0.9737406347129388,1.6449430710699848,1.6893030982063497,-1.24609375,-1.4174668495656149,0.07392
3.501272941451455,2.236183886221684,1.179321222697513,0.5097446138955904,0.6386773963684969,0.3368264178252337,0.14558836812198805,0.5273811469458917,0.2279529054101488,0.43223559797357786,2.75390625,1.2491998171010517,0.77392
2.165396635979338,0.25864488016420706,4.931028837425398,1.0758537035703224,0.11944457466436881,2.277194281866636,0.49683909436930895,19.064861575047658,4.159578580822053,0.21818037148856953,-2.24609375,3.9158664837677177,1.4739200000000001
0.9595862558981929,4.907203869035091,0.19679346629046707,2.8857528671330877,5.113874692214974,0.20508158081762462,3.007288661540866,0.0401029734126703,0.5880645973040685,14.663865226469042,1.75390625,-3.9524462734339276,2.1739200000000003
1.669871580028067,8.273552067034679,2.60029315546111,10.612414546523155,4.954603794679598,1.5571815141721284,6.35522795492141,0.31428981583638965,1.282691455923447,4.081237734382013,-0.24609375,-1.285779606767261,2.87392
2.9739743710760744,2.0523078092697404,0.9524760965032024,0.47287203797354077,0.6900892721974444,0.32027044542370003,0.15900340049078543,0.46410002057250654,0.2304099004241473,0.4964660422551096,3.75390625,1.380887059899405,0.21392
0.28022093161134276,1.2044305706910474,1.6323000913355947,3.601040504263298,4.298146336768137,5.825046979715068,12.850719193446345,1.3552463139482214,2.9898282158324703,2.2061142576527235,-3.87109375,-3.063557384545039,0.9139200000000001
2.4314230215237314,3.200818100008404,2.2439898128434113,2.9877642685570716,1.3164381811283936,0.9229121353951567,1.228813021061506,0.7010675842021511,0.9334376947409873,1.3314517969095443,0.12890625,-0.39689071787837227,1.61392
2.5874850740278585,0.2248747657670469,8.312106866107879,1.9524956929525192,0.0869086233672418,3.2124269815279276,0.7545920602792615,36.96327081322494,8.682591336082394,0.23489780923218206,-1.87109375,2.2697759487882934,2.3139200000000004
2.8712604859590183,10.193380724839832,0.09747973774387376,2.8045516131806947,3.5501414012024695,0.03395015472144282,0.9767666942429842,0.009563042956526619,0.2751345886989581,28.770610981223637,2.12890625,-2.17466849565615,3.0139200000000006
0.9010888455230487,0.6677609596043166,2.9135304124829626,2.424111797539318,0.7410600662986857,3.2333442223355524,2.6902028690991187,4.3631337989710905,3.6302089283202954,0.8320187038903936,-2.87109375,0.49199817101051657,0.35392
3.7402608059716154,1.0016653041386532,2.6288186902979396,0.44912438840417146,0.267806272369942,0.7028436856865242,0.1200783612969207,2.6244481858723256,0.44837770315942027,0.170846468058727,1.12890625,3.1586648376771826,1.0539200000000002
0.36102802120729943,3.090256171849548,0.7615697595828576,4.42874872774157,8.559601998525059,2.109447784790007,12.26704983433576,0.24644227443676642,1.433133203675772,5.815289633043431,-0.87109375,-3.6561499771376313,1.75392
4.3482429478251685,6.394670629427504,0.275000066635697,0.9278595428796974,1.4706332433945266,0.06324395162263,0.21338723572098903,0.04300457092663691,0.14509887946531594,3.374033883813083,3.12890625,-0.9894833104709648,2.45392
1.2177255571351497,0.08720052215306817,21.314291441909045,4.417028774368714,0.07160933893694259,17.503362163190168,3.627277713346447,244.42848409204274,50.65369639203817,0.20723319780097257,-3.37109375,1.6771833561957017,3.1539200000000003
0.9662643044194151,2.914835840351015,0.6568838958475559,2.431611453974154,3.0166030422725894,0.6798180299563564,2.516507587885284,0.22535879611266602,0.8342190048278433,3.7017370487317627,0.62890625,-2.7672610882487425,0.49391999999999997
1.2496426209321936,1.3245765191816272,3.17507538397022,3.2465810114942424,1.0599642625773562,2.540786726369588,2.598007588019362,2.3970494252245236,2.4510331902154667,1.0225209227740002,-1.37109375,-0.10059442158207599,1.19392
5.721750787747309,1.8513313499250068,1.838875035611277,0.2112912262618715,0.3235602910020987,0.32138328001790767,0.036927722667393255,0.9932716991400625,0.11412934063393375,0.1149024388118001,2.62890625,2.566072245084589,1.89392
0.16829042841025063,1.9084450285056869,2.912205717692719,8.376024607158202,11.3401875943495,17.304642606253747,49.77124775474169,1.5259573496717258,4.3889263154289715,2.876178889516897,-2.37109375,-1.8783721993598537,2.5939200000000002
21.46481764819907,8.793439289163627,3.261629454280727,0.5372936857570919,0.4096675514921698,0.15195234861705811,0.025031365025463964,0.37091624187365607,0.06110165409559513,0.1647316757738745,1.62890625,0.7882944673068124,3.2939200000000004
2.6684264978228467,0.6051706345518519,3.1091804117959154,0.7473668497246903,0.2267893213643348,1.16517371354717,0.2800777350751323,5.13769213884339,1.2349687956656044,0.24037423074237058,-0.37109375,3.4549611339734785,0.6339199999999999
1.5772843822883469,3.898674637081675,0.22933914628768481,1.3922778441923986,2.4717639259354245,0.14540126616543067,0.8827056552556883,0.058824900161290446,0.357115680018525,6.070825093444425,3.62890625,-3.3598536808413355,1.33392
0.3529348680871627,0.676586059975989,3.8629723973538566,4.837714700919054,1.9170281010854833,10.945284092474072,13.707103316650217,5.70950633758394,7.150183823016894,1.2523296061429012,-3.62109375,-0.6931870141746685,2.03392
9.362812485251661,1.3744953938710838,7.526787870301964,0.7260074516582883,0.14680368703700886,0.8039024472783355,0.07754159904429338,5.4760371725246495,0.5281992612675003,0.09645647840333806,0.37890625,1.9734796524919975,2.7339200000000003
0.06458873515323434,4.216788207670669,2.2570777717815633,19.778371608636537,65.28674385195032,34.945378113176105,306.2201413561219,0.5352599325893962,4.690387715621601,8.762822378523985,-1.62109375,-2.4709647919524462,3.4339200000000005
2.523767565930774,2.3252669340998326,0.9702010628194777,0.8531281239727275,0.9213474986719968,0.38442568004936867,0.33803751799072307,0.41724287590020975,0.36689470420005527,0.8793312609795259,2.37890625,0.19570187471421985,0.10192
1.6069023693534823,0.34883623326352803,3.795969216334525,1.4589430344979029,0.21708614033836918,2.3622898868845326,0.9079226357011914,10.881808867219545,4.182315067585728,0.3843400595083571,-2.62109375,2.862368541380886,0.80192
2.0124890835437594,4.527608942713472,0.6164995103549614,2.2604454215325305,2.2497557774280588,0.3063368220956396,1.1232087865799245,0.1361644784599005,0.4992580963005625,3.6665810492388475,1.37890625,-1.5820759030635574,1.5019200000000001
4.006770508690424,1.2276893035196619,6.587018141392612,2.6227637808387683,0.3064036986537871,1.6439719038327247,0.6545829802705606,5.3653787831402395,2.1363416406085545,0.39817163465171046,-0.62109375,1.0845907636031091,2.2019200000000003
10.565805097316929,1.7737538250762028,3.2375602691042764,0.0761443651702629,0.16787682611395396,0.3064187006370598,0.0072066789486396,1.8252590767296508,0.042928372637613135,0.02351905720393878,3.37890625,3.751257430269775,2.9019200000000005
0.34776339311120724,1.453646026176232,1.2183416581865767,3.0924959935556755,4.17998574597352,3.503363730399816,8.892528813597012,0.8381281524164341,2.1274064922740403,2.5382830610574847,-3.12109375,-3.853680841335162,0.24192
1.807750515473519,3.249658258947939,0.9904770071839794,2.151016794284828,1.7976254085574022,0.5479058081886569,1.1898858696889347,0.3047942055004398,0.661920923026906,2.171697857379218,0.87890625,-1.1870141746684957,0.9419200000000001
2.586954930660261,0.7044254502623073,5.040151851288632,2.027227055239105,0.272299081021299,1.9482951912124147,0.7836344697051612,7.154982616559109,2.877844709449702,0.4022154718851968,-1.12109375,1.47965249199817,1.64192
1.8503098884669544,5.829923107265314,0.13474236466924364,1.8558013174565589,3.150782008788596,0.07282151249858061,1.0029678428590976,0.023112202715216988,0.31832346384531884,13.772960879913704,2.87890625,-2.9647919524462734,2.3419200000000004
0.6501629196167711,1.1158122142767644,10.09659860816365,11.08419649618618,1.7162040168862036,15.529336268692376,17.048336904109505,9.048653957160665,9.933747233059838,1.097814910382196,-2.12109375,-0.29812528577960684,3.04192
3.221439955247968,1.41905382767328,1.7969470608285998,0.5145832765512873,0.4405029574931343,0.5578086463791566,0.1597370380015907,1.2662994354308066,0.36262421235635034,0.2863652957667017,1.87890625,2.3685413808870592,0.38192000000000004
0.9274180353086048,3.0349356523640365,1.0284693138761656,3.301438087054386,3.2724570116367646,1.1089597945266778,3.5598165674617377,0.33887681047703544,1.0878115601834129,3.210050161449835,-0.12109375,-2.0759030635573845,1.0819200000000002
4.435513864685643,3.417408999252858,0.6626225608880608,0.3860796815371128,0.770465182503732,0.14939025806314837,0.087042830507413,0.19389618305357328,0.11297438545445417,0.5826539938810424,3.87890625,0.5907636031092824,1.78192
1.4723775907228474,0.12101203026441953,10.991393759992482,1.9225908171243555,0.08218817715434668,7.4650645522228976,1.3057729411519234,90.8289344123517,15.887600703197554,0.1749178365461152,-3.93359375,3.2574302697759485,2.48192
0.38251794974194525,6.644515584057909,0.33277225280718536,9.00477159677782,17.370467421307787,0.869951993185367,23.54078181913458,0.05008224431072161,1.3552186736355678,27.05986307697162,0.06640625,-3.557384545038866,3.1819200000000003
0.7531037289674688,1.2688536805867279,2.206137177774008,3.0480700561722283,1.6848325559699064,2.9293935123634274,4.047344262059674,1.7386852491564455,2.402223442156685,1.381632151835513,-1.93359375,-0.8907178783721994,0.5219199999999999
4.2509176991305155,1.971248451243516,1.7474333359437004,0.456441644977965,0.46372303365146683,0.41107202247202324,0.10737484874650145,0.8864602200911675,0.23154952623553338,0.26120690019425774,2.06640625,1.7759487882944676,1.2219200000000001
0.19267846801633087,1.5773631745475574,1.882775566318465,5.355623733607781,8.186504650918568,9.77159298442671,27.79565246052223,1.1936221136001293,3.3953016147622193,2.8445364542732205,-2.93359375,-2.668495656149977,1.92192
7.65373383070608,7.376507204717921,2.4136887464761703,2.3054215423336495,0.9637789042420118,0.3153609466784266,0.30121527522743335,0.3272129585845731,0.31253565926962434,0.9551445047334359,1.06640625,-0.0018289894833105613,2.6219200000000003
8.719059239869145,0.16575794871885016,35.02155283300733,1.1927989565203827,0.019010990080317182,4.0166664624626325,0.13680363026622633,211.28128758644945,7.196028701727872,0.03405899681855872,-0.93359375,2.664837677183355,3.3219200000000004
1.9950474528398021,3.3707978528209215,0.42547340157628777,1.1717244307581318,1.6895827956487153,0.213264802784845,0.5873165718891894,0.12622335131138807,0.347610412109866,2.753931095145182,3.06640625,-1.7796067672610882,0.66192
0.840080389012653,0.4162043646049385,4.072699868047443,2.87153025780448,0.49543397280598794,4.84798826554455,3.418161279992967,9.785336758573525,6.89932759482265,0.7050679772239553,-3.43359375,0.8870598994055783,1.36192
5.2068580981655685,0.6845521990763548,4.416338706892923,0.37845969113874095,0.13147126081994243,0.8481772738244675,0.0726848483295668,6.451427243754023,0.5528573155551687,0.08569534998483008,0.56640625,3.5537265660722444,2.06192
0.15758575229179983,3.5260822263805807,1.0855011046211487,8.505451247000755,22.375641040513436,6.888320097689656,53.973478714314865,0.30784906162990516,2.412153404525495,7.835506763458566,-1.43359375,-3.2610882487425696,2.7619200000000004
12.805804119361838,15.720660328715592,0.25412976168164136,0.997534265050341,1.2276199278221516,0.0198448890294525,0.07789704229054317,0.016165336338795144,0.06345371276982749,3.92529492983979,2.56640625,-0.5944215820759031,3.4619200000000006
1.4001080393201877,0.5145484268903727,3.122133515897303,1.6015636154563841,0.36750622983366915,2.22992328321551,1.14388573629933,6.0677155982492,3.112561484514276,0.5129708922765571,-2.43359375,2.0722450845907634,0.12992
1.4010153931957297,3.537329147081126,0.5012525074834546,2.0162927970016846,2.5248324638407036,0.3577780158004495,1.4391653416473185,0.14170366585678626,0.5700042922682089,4.022509148382142,1.56640625,-2.372199359853681,0.82992
2.4541584919926978,1.877922597860823,3.481519277114772,2.7267202388838476,0.7652002117988762,1.4186203900335266,1.1110611836115925,1.8539205402185568,1.451987553688265,0.7831983745738594,-0.43359375,0.29446730681298483,1.5299200000000002
6.6581081103739725,1.9930817768002633,1.55436442961557,0.14312582993599343,0.29934656268119925,0.2334543692965455,0.021496471304361914,0.7798799064386513,0.07181131833224161,0.09207996992789633,3.56640625,2.961133973479651,2.2299200000000003
0.1332953185580325,0.8794452465472682,4.779850531919558,9.06704829050134,6.597720430552,35.85910280741454,68.02225605960676,5.435074611734401,10.309963384416346,1.8969313433447614,-3.68359375,-1.483310470964792,2.92992
2.410118666126362,1.3772882074167563,2.195345914692316,1.1623302113332927,0.5714607445576065,0.910887063590426,0.4822709469328479,1.5939626164446075,0.8439266415511979,0.5294519663413484,0.31640625,1.1833561957018741,0.26992000000000005
2.2026025008293684,0.35780118376294306,3.8045543262879544,0.9581036019227195,0.16244473690927735,1.7272995580706856,0.4349870671453224,10.633151870197883,2.677754142248729,0.25183070597851775,-1.68359375,3.85002286236854,0.9699200000000001
1.175462620326233,4.3414528598693085,0.2230155664327416,2.130335315371404,3.693399334692922,0.18972578334379256,1.812337779639611,0.05136887895160863,0.4906964060495487,9.55240636089806,2.31640625,-3.7549154092363968,1.6699199999999998
0.29971577254651566,1.1704202556685641,3.9527794224307122,6.738355717719164,3.905100641598419,13.188426450987805,22.48248619172478,3.377230873514588,5.757210442218552,1.7047133162759427,-2.68359375,-1.0882487425697303,2.3699200000000005
16.149766722136693,3.5610909558515864,5.249634646244948,0.3137893768012281,0.22050417303987144,0.3250594721624806,0.019429963429200062,1.4741647184323514,0.08811608035049182,0.05977356481858809,1.31640625,1.5784179240969358,3.0699200000000006
0.6392402395857864,2.2848867954008196,0.9533370874792868,2.9443364532075265,3.5743788546249466,1.4913596304529082,4.6059936012717095,0.4172360264842139,1.2886137112499814,3.0884526489917956,-0.68359375,-2.866026520347508,0.40992
3.1603133723046968,3.300042785577255,0.6156468666943029,0.6925879133270021,1.0442137841446588,0.1948056392411918,0.21915165736299244,0.1865572377985432,0.20987240418637546,1.1249759412337006,3.31640625,-0.19935985368084141,1.1099200000000002
1.4358958168029377,0.21107338184260915,5.899709584981945,1.9995609711260496,0.14699769953545094,4.108730951050345,1.3925529608256175,27.95098810413326,9.473297644972874,0.3389253220558599,-3.18359375,2.467306812985824,1.80992
1.7234967955878382,7.640395147212168,0.5195481966114472,4.705615826004739,4.433077663255089,0.3014500508161626,2.7302724542634156,0.06800017362989666,0.6158864476691008,9.057130515889197,0.81640625,-1.977137631458619,2.50992
4.74641120148325,1.1572651967927032,22.565391672324854,8.843405412693196,0.2438189924275964,4.7542007454544155,1.8631772590477704,19.49889423345971,7.641641204800946,0.3919012592872084,-1.18359375,0.6895290352080474,3.2099200000000003
3.425470293630289,1.3246650571175753,1.623192002122409,0.3409509556233689,0.3867104203416415,0.47385960553818196,0.09953405704827512,1.2253603228988452,0.25738653993430327,0.21004967691903212,2.81640625,3.3561957018747135,0.54992
0.2888668132990985,1.942517856826977,1.1928708602951006,4.05404681540135,6.724614138404521,4.129483919151273,14.034311415357042,0.6140848878700174,2.0870062023643214,3.398563038415099,-2.18359375,-3.4586191129401005,1.24992
3.5849327462178016,5.45101581325903,0.6973072261439822,1.6284048215608216,1.5205350278913865,0.1945105460847654,0.45423580770903765,0.1279224368507343,0.2987341951200905,2.335275988126048,1.81640625,-0.791952446273434,1.94992
7.149681127510027,0.9436473883504414,8.735051742819364,1.2736612910831808,0.13198454190069306,1.2217400450502978,0.1781423910197168,9.256690423409973,1.3497216299296135,0.14581038883143335,-0.18359375,1.8747142203932325,2.6499200000000003
3.7357733944987954,10.73542381957803,0.047650227899492296,1.3266787290485444,2.873681748305917,0.012755117312431426,0.3551282663456455,0.0044385977396247086,0.12357953922872617,27.84202274639446,3.81640625,-2.5697302240512117,3.3499200000000005
0.636697443298697,0.5898003818464004,2.95787972769343,2.7997348781346125,0.9263432546401862,4.645659816645102,4.397276771882935,5.015052242647989,4.746919405799465,0.9465343881030147,-3.80859375,0.09693644261545487,0.68992
3.8036447120482997,0.8109865120891125,3.6450208174768624,0.6809115213134522,0.21321300318093814,0.9582968687719478,0.17901554242346013,4.4945517134276844,0.839608934505476,0.1868059348381964,0.19140625,2.76360310928212,1.38992
0.36456390330050076,2.159636888096933,2.5029862196181756,6.30718809859612,5.9238911711914595,6.865699530200135,17.300637944391507,1.1589847503594923,2.920485445196298,2.5198652909716244,-1.80859375,-1.6808413351623228,2.08992
10.70547350590954,5.0429112647190335,1.7224804754087777,0.32151015946874506,0.4710591513710525,0.16089717792099056,0.030032315645942043,0.3415647004260239,0.06375487146047533,0.1866553287882375,2.19140625,0.9858253315043433,2.7899200000000004
3.5615049730162456,0.03364652331667227,73.76209136608647,1.5192445561746033,0.009447276803372526,20.71093313780135,0.4265737567924697,2192.264878955159,45.15309180315218,0.02059654936618439,-2.80859375,3.6524919981710093,3.4899200000000006
1.0106686366686555,2.7377736846672325,0.5584849635839215,2.0175463386529184,2.708873695429418,0.5525895860633292,1.996249082491678,0.2039923777161309,0.7369295533637743,3.6125347506329932,1.19140625,-3.1623228166438047,0.02352
1.2831410172953819,1.7186747152228856,2.1671441813099404,2.714296888863337,1.3394277729859547,1.6889368760713999,2.1153535365774223,1.2609391190286376,1.579296457218977,1.2524763752555992,-0.80859375,-0.4956561499771377,0.7235199999999999
4.521296572781504,2.057255198847663,1.3368907406422437,0.2768740821125355,0.45501443352167403,0.29568746909689836,0.061237761702989196,0.6498419551405585,0.13458421797530123,0.20710299929186804,3.19140625,2.1710105166895284,1.4235200000000001
0.1787733582559214,1.3100575287864176,2.362978689379511,5.816217462692227,7.3280355729012845,13.217733964569879,32.53402810930068,1.803721315634494,4.439665690162574,2.4613922625851075,-3.30859375,-2.2734339277549154,2.12352
10.635894866890661,6.839034022861613,5.083588751273091,2.693367835273519,0.6430144438670032,0.47796530662391234,0.25323377759758814,0.7433197048412982,0.3938228449032559,0.5298162316137424,0.69140625,0.3932327389117507,2.82352
1.995388556685153,0.5453062508923908,3.047282629930773,1.0542124820725727,0.2732832405325021,1.5271625266775526,0.5283244100707319,5.588204105388323,1.9332484825680238,0.3459516592645434,-1.30859375,3.0598994055784168,0.16352000000000003
2.2253845110420616,3.5370996679554394,0.48949067893736237,1.2022429231708163,1.589433039730807,0.21995779898196233,0.5402405369523545,0.13838758443024143,0.3398951220013974,2.4561099422378607,2.69140625,-1.3845450388660265,0.86352
1.4379624098451447,0.4457992239746424,4.882488705314804,2.630931950542012,0.31002147269110525,3.395421654896113,1.8296249836081175,10.952214456058645,5.901607291024945,0.538850596352251,-2.30859375,1.28212162780064,1.56352
6.420465414323966,0.9276800117519454,3.688651263769988,0.19394551024729964,0.1444879696232464,0.574514622497718,0.030207391167408205,3.9762107807021563,0.20906509549669935,0.05257897707821734,1.69140625,3.948788294467306,2.26352
0.28791426016922966,4.911366402074373,0.42626784650741106,7.7376899627526265,17.0584339906873,1.4805374567305567,26.874979927026132,0.0867921086741506,1.5754658335986749,18.152178322035603,-0.30859375,-3.9195244627343393,2.96352
2.1598652629880246,2.940215289705137,0.4882389536173988,0.904668321834256,1.3612956975091826,0.2260506532439685,0.41885405415646615,0.16605551142017305,0.3076877822524968,1.8529212286965246,3.69140625,-1.2528577960676723,0.30352
0.9611979539908918,0.38527499011397714,3.7677136017712463,2.3401273127047606,0.40082793405283085,3.919810259819746,2.4345945629498655,9.779284143662247,6.0739144059480035,0.6211001047437998,-3.55859375,1.4138088705989933,1.0035200000000002
0.7962184816122344,4.2220744988140595,0.5152191659256182,3.627040629030946,5.302658248104128,0.6470826510863819,4.555333382473967,0.12202986140352057,0.8590659947023074,7.039801445497039,0.44140625,-3.0306355738454505,1.7035200000000001
1.0567760538331963,1.7006843629243815,5.60668600937097,6.9720270071068935,1.6093138718989382,5.3054627695566055,6.597449839838416,3.2967234435730877,4.099542019142381,1.2435201463848524,-1.55859375,-0.3639689071787835,2.40352
15.079277117492056,2.90005831322277,3.0901121274404675,0.0687289796638974,0.1923207784183954,0.20492442067106242,0.004557843133220979,1.0655344802382596,0.023699171616835674,0.02224158115609399,2.44140625,2.3026977594878817,3.1035199999999996
0.45183137559572917,1.3611250193919717,1.6821647409012939,3.283389096432049,3.012462376251229,3.722992319166412,7.266846159373012,1.235863507712711,2.412261217488142,1.9518831994260137,-2.55859375,-2.1417466849565616,0.4435199999999999
3.5317133279618416,2.657226853917752,1.5922251720203178,1.0103852410927046,0.7523903010132601,0.4508364706201095,0.28608925676190144,0.5992055852035285,0.38024049004435456,0.6345743421520355,1.44140625,0.5249199817101049,1.14352
3.71785110148021,0.4504792820800812,5.009768249679499,0.7697077459512818,0.12116657439581947,1.347490287517144,0.20703027769047383,11.120973702823735,1.7086418323106183,0.15364138770301883,-0.55859375,3.191586648376771,1.8435199999999998
1.7189541670193225,5.574856282560588,0.10864527812890698,1.7685923869420073,3.24316749656416,0.06320429026755181,1.0288769886219582,0.019488444656192126,0.31724448080833306,16.278594131293794,3.44140625,-3.623228166438043,2.54352
0.15648711380877678,0.899561564371155,8.200144454838187,12.87538268389907,5.748470544804067,52.40140389360464,82.27759059849782,9.11571234212364,14.312953325100878,1.5701409596879035,-3.05859375,-0.9565614997713761,3.24352
3.1016644393414317,1.4361146977479502,2.197990932164634,0.7980555620582778,0.463014206028321,0.7086488481105092,0.2572991300850478,1.5305121071537136,0.5557046128068686,0.36308410120342655,0.94140625,1.71010516689529,0.5835199999999999
0.47764079520461356,2.583700728187709,1.1171796856441323,4.045140962481901,5.409296597207308,2.338953659026446,8.469002235768048,0.43239515840821013,1.5656383567764418,3.6208508035568103,-1.05859375,-2.734339277549154,1.28352
4.567718012244327,4.531041949360396,0.6241362149513795,0.6478791951330859,0.9919705938970804,0.13664070620784954,0.1418387022570935,0.13774673064756834,0.1429868013525103,1.0380413435608058,2.94140625,-0.06767261088248722,1.98352
2.902146223605129,0.13074151060623657,12.598928783590221,1.8628674156546547,0.04504993909087935,4.34124534495008,0.6418930240325891,96.36517679174828,14.248477067587078,0.1478591908608128,-2.05859375,2.5989940557841775,2.68352
4.408521591356602,15.79473511868629,0.0775050583430783,3.64967534390906,3.582773678516995,0.01758073692891413,0.827868315551557,0.004907018557809451,0.23106910729963653,47.08951160005158,1.94140625,-1.845450388660265,3.38352
1.992382457910623,1.3472433980951088,2.1207808030170474,1.4039872130798718,0.6761971792845133,1.064444627383978,0.704677562034053,1.5741630695801938,1.042118458375817,0.6620142973203753,-0.05859375,0.8212162780064007,0.05152
3.575857607154977,1.485156489643158,1.3242976729338014,0.28486520311095337,0.4153287554491796,0.3703440736241841,0.07966346381941024,0.8916889783459746,0.19180820681017838,0.21510662514408355,3.94140625,3.487882944673067,0.75152
0.22044926291706743,1.2617507782202337,1.6413290816844546,4.201921895927893,5.723542739604904,7.445382488313963,19.060721003674427,1.3008346101435626,3.330231269486456,2.56007277444665,-3.96484375,-3.3269318701417467,1.4515200000000001
2.5885877257826535,4.667966736005388,2.561508369706255,4.652664433585011,1.8032870547564848,0.9895389459639768,1.797375606491485,0.5487417787167578,0.9967218484437033,1.8163768225822985,0.03515625,-0.6602652034750798,2.15152
2.9031508097947714,0.14620389715919166,14.943668483320362,2.7027712488106093,0.05036042105216266,5.147396557182903,0.9309785904651895,102.21115013814713,18.48631466962705,0.18086397271375199,-1.96484375,2.006401463191586,2.85152
1.4107269231499155,2.9962432572996023,0.5115797916782336,1.6182049411022856,2.12390024471178,0.3626355911149424,1.1470717078888,0.17074040648465258,0.5400779583433125,3.163152586214902,2.03515625,-2.438042981252858,0.19152000000000002
0.7885325204290837,0.6575141057922704,3.2587149357751932,2.9209989402574856,0.8338452616189893,4.132632264807478,3.7043480954571284,4.956114107770525,4.44248863184134,0.8963652844223484,-2.96484375,0.22862368541380818,0.89152
4.607698229613558,1.0610958960557761,3.1058655135546727,0.41624573760789485,0.23028762804737088,0.6740600965560971,0.09033702227561134,2.927035647861382,0.39227909480672896,0.13401924062433096,1.03515625,2.8952903520804742,1.59152
0.6626433330309094,3.621441351550209,2.3249869747632284,7.0983016088104165,5.465144174900021,3.5086551978555534,10.712099941220282,0.6420059719503631,1.960076367320401,3.053050053982901,-0.96484375,-1.5491540923639686,2.2915200000000002
11.80785886807094,5.276898782726624,1.0796774778146963,0.16461705550682532,0.4468971759982354,0.09143719364178714,0.013941312929472618,0.20460454563746938,0.031195795539168198,0.15246873153269422,3.03515625,1.1175125743026975,2.99152
1.4172329819391833,0.33700288129200123,3.3204704321247602,1.2893249266159041,0.2377893300442981,2.342924892688709,0.9097480393461742,9.852943747527455,3.8258572795368746,0.38829586137614497,-3.46484375,3.7841792409693635,0.33152
0.7084188356361787,3.254218037370836,0.48704797159241187,2.8791883465810444,4.593635676624074,0.6875141471288381,4.064245897690535,0.14966666830533273,0.8847558195292938,5.911508751730323,0.53515625,-3.820759030635574,1.0315200000000002
0.6893207460843779,2.0364332722506227,2.6931798757303755,5.087012751193952,2.9542608195363216,3.907005397746597,7.379747062728422,1.322498464560015,2.498001196755096,1.8888499788059576,-1.46484375,-1.154092363968907,1.7315200000000002
7.93773965495528,3.273968576657525,1.6197199679956533,0.22735619634485438,0.41245602891670674,0.20405304764367188,0.028642435533007576,0.4947267910705684,0.06944360980305068,0.1403675949159284,2.53515625,1.5125743026977583,2.43152
0.062191412759788296,2.3571374546294415,2.012630167186397,12.380023879739959,37.901333158868496,32.36186601774261,199.06323607018348,0.8538450582224516,5.252143380703347,6.151166807286259,-2.46484375,-2.931870141746685,3.13152
2.3734629503345577,2.5933543380307995,1.0941483737977264,1.2486019229178573,1.0926458058531086,0.4609923966344189,0.526067585231047,0.4219046960734804,0.4814621375133615,1.1411632579446527,1.53515625,-0.26520347508001807,0.47151999999999994
3.001184553519345,0.7045800055643877,3.7948167989622057,1.0208966263376689,0.23476730370951718,1.2644396675013558,0.340164561069899,5.385927458901497,1.4489435099991275,0.26902395567998444,-0.46484375,2.4014631915866476,1.1715200000000001
2.4569625382208407,4.823676646793206,0.22070195397593134,1.146281235089731,1.9632682923550693,0.08982715468496649,0.46654404259650906,0.0457538865343834,0.23763641699569182,5.193797401606777,3.53515625,-2.042981252857796,1.8715199999999999
0.6109237756129962,0.2809357619187624,7.765565919990125,4.731828351990114,0.459854032750442,12.711186288662963,7.7453661829452205,27.641784965189576,16.843097225046083,0.6093346448594864,-3.71484375,0.6236854138088708,2.57152
13.18176066505512,0.47740897038682256,23.498805176098315,0.2756407689318526,0.03621739026505275,1.7826757572980145,0.020910770263230235,49.221540929694534,0.577368223115945,0.011729990817244578,0.28515625,3.290352080475537,3.2715199999999998
0.4058302659183167,1.9638519305748454,1.038558111016221,3.3197907218760556,4.839096773945684,2.559094769992478,8.18024430574196,0.5288372788432278,1.6904485873862745,3.1965382453444673,-1.71484375,-3.5244627343392776,0.61152
2.8272253958741156,3.997530640350711,0.6107501127467201,1.2244149781854134,1.4139412606382458,0.2160245566688855,0.43308007206367477,0.15278184651841414,0.3062928313359953,2.004772414496765,2.28515625,-0.8577960676726106,1.31152
1.4953690351398783,0.24618814171418713,6.447287740521863,2.531393838051717,0.16463370307193664,4.31150277223627,1.6928221586552565,26.188457720302633,10.282354870652325,0.39262926364239153,-2.71484375,1.808870598994056,2.01152
1.4483415954406964,7.8522966482121825,0.20714919527667428,4.169309870390349,5.4215778052158425,0.143025095687902,2.8786785406944873,0.026380714402051808,0.530966933265266,20.127086976233254,1.28515625,-2.6355738454503888,2.71152
7.2458328090672115,6.492423490870767,25.492595942868213,20.710663301276035,0.8960217081943084,3.5182423628333748,2.8582861138279854,3.9265146487616347,3.189974179965009,0.8124187645577943,-0.71484375,0.031092821216277322,3.4115200000000003
3.0568154179411304,1.5358972417635421,1.315499801567856,0.40368566193315747,0.5024501095973998,0.43034976657304685,0.1320608563944805,0.8565024832373407,0.26283376970560807,0.30686866045288,3.28515625,2.6977594878829434,0.07952000000000001
0.3982662074224443,1.0937033122000523,2.075769824142931,3.4815806048443667,2.7461614664182443,5.21201594676383,8.74184286780682,1.8979277112797537,3.1832952922497335,1.6772479127264912,-3.21484375,-1.7466849565614995,0.77952
4.071375345223849,2.2464068593566413,2.6139040676647074,1.163443547201164,0.5517562663417689,0.6420199185838003,0.28576180001826784,1.1635933431993326,0.5179131030317312,0.4450980284982677,0.78515625,0.9199817101051666,1.4795200000000002
3.5043226981892377,0.25926390935859506,7.0782572670420505,0.8636150542769483,0.07398402820966303,2.019864572032577,0.24644278756725163,27.301359778741585,3.331026892302463,0.12200955993760403,-1.21484375,3.5866483767718327,2.17952
1.8594163401757142,7.295234112135374,0.07880392577520522,2.3103158734224585,3.9234000231739254,0.042381001001506886,1.2424951978232774,0.010802110605897839,0.3166883801000062,29.317268786999616,2.78515625,-3.2281664380429813,2.87952
0.7954320661722606,1.0561678624201811,2.2826843111203234,2.709693273280494,1.327791407131247,2.8697413747787985,3.406567812031954,2.161289310479124,2.5655895901540715,1.1870643961059153,-2.21484375,-0.5614997713763143,0.21952
3.793903578549848,1.6016946519501571,1.9533055205610244,0.49235728746604207,0.42217589846138803,0.5148537594905458,0.1297759095011679,1.2195242820988135,0.30739772207303573,0.2520636338162953,1.78515625,2.1051668952903517,0.91952
0.767683453403891,3.6718304478340134,0.9522418712491943,4.183376018970528,4.783000638548611,1.2404095295098203,5.449350250316761,0.25933710305466723,1.1393162288956649,4.393186379719456,-0.21484375,-2.3392775491540925,1.61952
5.592040175236741,4.4571487094099185,0.5480563619091876,0.370289362787165,0.797052340422648,0.0980065136756614,0.06621722147614734,0.12296120179973638,0.08307763256931752,0.675641026220806,3.78515625,0.32738911751257316,2.3195200000000002
1.554647368094548,0.0717401368354061,22.888211348856903,2.350545748698224,0.04614560080163667,14.72244562888227,1.5119478519293854,319.0433188240146,32.76472351998851,0.10269678625698363,-3.83984375,2.9940557841792392,3.01952
1.2364285552040641,2.4135308432221825,1.1439809640603473,2.324961415979448,1.952018038619179,0.925230139052831,1.8803847631905661,0.47398646977018793,0.9633029644135436,2.032342747843837,0.16015625,-1.4503886602652032,0.35952
1.561235306603151,0.6348504713472065,3.9361820132493244,2.220601687894473,0.4066334322969411,2.5211971549717576,1.422336324641501,6.20017183715153,3.497834195794433,0.5641511699458641,-1.83984375,1.2162780064014624,1.0595200000000002
5.083392330783451,1.088779852746449,2.4412348650417544,0.22176193545343587,0.214183714712149,0.4802373506090394,0.04362479246595117,2.2421749069692423,0.20367931579009388,0.09084006566883228,2.16015625,3.8829446730681285,1.7595200000000002
0.12706713957896185,1.955752585373044,1.377193790875791,6.777816987447515,15.391489820684155,10.83831583396884,53.34043884127615,0.704175876425137,3.465579970666229,4.92146931851714,-2.83984375,-3.7219935985368084,2.45952
6.207586263913558,15.827979461179995,0.764125143582721,5.2696539200796035,2.5497800253203864,0.12309537251617349,0.8489054676072053,0.04827685968741803,0.33293282525442097,6.896323153786043,1.16015625,-1.0553269318701415,3.1595199999999997
2.0802246110302645,0.8546840788207924,3.0888579078555822,1.4334090175204608,0.4108614398122598,1.484867495306565,0.689064541357648,3.6140346876676106,1.6771214686696108,0.46405793347599955,-0.83984375,1.6113397347965241,0.49951999999999996
1.6771235107884641,3.9396184042159637,0.2694763196108906,1.4360559027636368,2.349032959632076,0.16067768287632078,0.856261267298379,0.06840162979300529,0.3645164976452665,5.329061584473266,3.16015625,-2.8331047096479196,1.1995200000000001
0.5141362067183877,0.5891069133507314,4.225863203161995,4.3246897279733885,1.145818764857788,8.219345667434514,8.411564234265626,7.173338331960944,7.341094850466704,1.0233861154656985,-3.33984375,-0.16643804298125264,1.8995199999999999
8.312850397687061,1.111952072690198,5.937598506370216,0.4058148367054266,0.13376303187166505,0.7142674560848916,0.048817772158914245,5.339797147915832,0.36495712960327487,0.06834662806352498,0.66015625,2.5002286236854125,2.59952
0.163372944831274,5.072163599049293,2.976520684827352,18.190202905933113,31.046533465425693,18.21917752600592,111.34158672795753,0.5868345187811489,3.5862807953084586,6.111230134786785,-1.33984375,-1.9442158207590303,3.2995200000000002
3.1845247478649252,2.431863803435879,1.043519216743634,0.6387089083674375,0.7636504646623739,0.3276844425351898,0.20056647661339796,0.4291026558597933,0.26264172667278174,0.6120720137388251,2.66015625,0.7224508459076358,0.6395199999999999
1.9809309013946739,0.2765702912992938,4.606151253606927,1.2572807970408388,0.13961632437788443,2.3252457975005427,0.6346918997303997,16.654540991976347,4.545971988293774,0.2729569064967858,-2.33984375,3.389117512574302,1.33952
1.1038291395611712,5.072482125473943,0.2261126197234376,2.8041870320921816,4.59535080537058,0.2048438581838209,2.5404176530499907,0.04457632656562806,0.5528234427893967,12.401727225672024,1.66015625,-3.425697302240512,2.03952
2.53665924342275,6.531889408119082,4.272867333070301,9.318969588710784,2.5749967895985555,1.684446716345259,3.673717553066594,0.6541548801728277,1.4266882071100875,2.180963943482553,-0.33984375,-0.7590306355738452,2.73952
21.12114060339121,5.006219761246221,1.6282061203735052,0.050256338159875805,0.2370241198262949,0.07708892956813518,0.0023794329626216607,0.325236645218345,0.01003877986917723,0.030866078643867992,3.66015625,1.9076360310928209,3.43952
0.39594956435645606,1.1350532876384036,1.63466695269255,3.0169797399471134,2.8666612867303596,4.1284726638085925,7.6196061608267325,1.4401675855180724,2.6580071374659893,1.8456234983998914,-3.58984375,-2.5368084133516233,0.10752
2.3522983943185665,2.1422779158792364,1.9125760814895671,1.7005779461621524,0.9107169060921073,0.8130669502257677,0.7229431224667354,0.8927768275595582,0.7938176151455115,0.8891557113051918,0.41015625,0.1298582533150432,0.8075199999999999
2.4208006667412096,0.3500511751884493,4.82168346104447,1.2886945913090866,0.14460140398906737,1.9917721964011346,0.5323422985684643,13.77422446431933,3.6814462645792303,0.26727067459337744,-1.58984375,2.7965249199817084,1.5075200000000002
2.8748857959132925,6.2799465847873055,0.2628689370730625,1.6658704605025132,2.1844160187908592,0.091436305903607,0.5794562214855913,0.04185846703057038,0.26526825316284663,6.3372663162536265,2.41015625,-1.647919524462734,2.20752
1.3189229634460324,0.22246323041057728,13.417477745852704,5.266346856429785,0.16867037467399437,10.1730564390175,3.992914675372754,60.313237927406966,23.67288673597986,0.3924990192778665,-2.58984375,1.0187471422039316,2.90752
2.994715954785431,0.9566790026744779,2.1474502396963264,0.47072529790864015,0.31945567363266786,0.7170797738813227,0.15718529069724987,2.2446925600885415,0.49204100496894715,0.2192019583071718,1.41015625,3.6854138088705977,0.24752000000000002
0.5633431643593392,2.6754211799459084,0.846814033943563,3.3815368319800068,4.7491854862364855,1.5031939455706373,6.002623349172351,0.3165161583869512,1.2639269126397417,3.993246092335515,-0.58984375,-3.129401005944216,0.94752
3.540752223964251,4.070784511029439,0.478439900117724,0.6990642371249981,1.1496948257146784,0.13512380134356292,0.19743381996448228,0.11753014654090199,0.17172715363118435,1.4611328130304093,3.41015625,-0.4627343392775489,1.64752
1.4915848613082492,0.15572774781911883,8.631716798901095,2.446276839079526,0.10440421585033526,5.786943152084778,1.6400520698057561,55.42825167501313,15.708676670267714,0.2834055954420286,-3.08984375,2.2039323273891167,2.3475200000000003
1.6790275254497296,10.732768394894165,0.28757483741520307,6.395794052457835,6.392252796462869,0.17127464145543164,3.809225254210596,0.02679409699663409,0.5959127987426307,22.240450902954112,0.91015625,-2.240512117055327,3.04752
1.4840202726954232,1.1445599312196075,2.594620007280455,2.0817136329987886,0.7712562640001849,1.748372347075725,1.4027528271010585,2.26691493953987,1.8187895419164108,0.8023192710907723,-1.08984375,0.42615454961133903,0.38752000000000003
4.028753971727566,1.486442784035904,1.6323453005034423,0.28250622745381404,0.3689584408646587,0.4051737365842367,0.07012248189796332,1.0981554877419446,0.19005523151504652,0.17306768817031817,2.91015625,3.092821216278005,1.0875200000000003
0.4386175915173458,1.595843638887153,2.7460114264994533,5.26508353123357,3.6383484605952994,6.260604863110827,12.003812963861378,1.720727118613174,3.2992477476710236,1.9173567452868783,-2.08984375,-1.3516232281664378,1.7875199999999998
8.598149485576368,3.5237771215832137,2.2547591970351037,0.34967442707475344,0.4098297113227034,0.26223772927157457,0.040668568005399516,0.639869980205233,0.09923284447617012,0.1550828254895502,1.91015625,1.3150434385002283,2.48752
9.399456235726712,0.2734231813527677,28.056738809528227,0.3059639691586321,0.029089255218137437,2.984932117975763,0.03255124142135832,102.61287528993277,1.1190125418220505,0.010905186494972288,-0.08984375,3.9817101051668944,3.18752
1.3458302930769128,3.153842253985817,0.2960063146959481,1.3377798305329072,2.343417494917079,0.2199432693844347,0.9940182186525166,0.0938557768137757,0.4241746171173351,4.5194300395484746,3.91015625,-3.9743941472336535,0.5275199999999999
0.3566956868421434,0.8282429550789562,2.568760306903388,3.753632146134496,2.3219875810987793,7.201545747987133,10.523346047062452,3.101457478329542,4.532042347135525,1.46126212556572,-3.90234375,-1.3077274805669865,1.2275200000000002
4.761517730056185,1.550437212749746,4.639595453675583,1.4041313306250474,0.32561827985285086,0.9743942408087678,0.2948915472395981,2.992443302781107,0.9056357258961677,0.3026408971740554,0.09765625,1.35893918609968,1.92752
0.13771879816485458,2.8055330673542556,1.403702257011261,8.003865824708992,20.371460575744546,10.192524736753631,58.11745332781704,0.5003335278222243,2.852885933815422,5.7019683374668695,-1.90234375,-3.0855052583447646,2.62752
12.655391580546809,14.85269920305216,0.5385806314616294,1.3519783479710157,1.1736262057574682,0.042557405516357685,0.10683022641900741,0.03626146494308277,0.09102576774012837,2.510261730545236,2.09765625,-0.41883859167809767,3.32752
1.3479562490483157,0.3888537138517232,3.6251565911728174,1.736079905458109,0.28847650962430105,2.6893725918272575,1.2879349064065073,9.32267447124127,4.464609295515452,0.47889790738569155,-2.90234375,2.2478280749885684,0.6675199999999999
1.4032714547534004,4.185831471824853,0.5532255514330815,2.6219210775501227,2.9829092992990707,0.39423986681914003,1.868434698552945,0.13216622674775233,0.6263799904985354,4.73933474467741,1.09765625,-2.196616369455876,1.36752
2.6060358001218007,1.5105713666247353,5.636763885782364,3.822310398808266,0.5796433673528715,2.1629648700600788,1.4667144628748459,3.731544242346731,2.5303739255623174,0.6781036914548253,-0.90234375,0.4700502972107916,2.06752
9.844976161862625,2.000534031884469,2.4493788990086522,0.0870321813065062,0.20320354249653938,0.24879480241882485,0.008840263285110901,1.2243625251910257,0.0435044742650658,0.035532347135729433,3.09765625,3.1367169638774577,2.76752
0.04140846987935482,1.511831105903467,1.8223903584452033,17.32545106109758,36.51019007242348,44.01008691590894,418.4035563636124,1.205419276881558,11.459911754325182,9.506992275726821,-3.40234375,-3.678097850937357,3.4675200000000004
1.5288755458545478,2.3162954774364213,1.1388707859913016,1.8535614593121024,1.5150320663555084,0.7449074511521098,1.212369093310388,0.49167767976292737,0.8002266884204025,1.6275432490778274,0.59765625,-1.0114311842706902,0.13552000000000003
1.9143561570955383,0.6638204922033276,3.6491554310384835,1.6916259694131963,0.34675913870200425,1.9062050797146248,0.8836526908241211,5.497202141088393,2.5483183922183783,0.46356643376294615,-1.40234375,1.6552354823959767,0.8355199999999999
1.6401787375848786,4.478022875518482,0.25186530612192876,1.7469775505369043,2.730204198423067,0.15355967026666495,1.065114130859472,0.05624475647475715,0.39012251591828523,6.9361579704478515,2.59765625,-2.7892089620484684,1.5355200000000002
0.7185215213393871,0.8114775251474151,5.3536851911278704,5.488770532707933,1.1293712172110724,7.4509740239208595,7.638978610517307,6.597453441677644,6.763921812512094,1.0252322160824707,-2.40234375,-0.12254229538180139,2.23552
12.493069435804395,1.7868145533071995,4.9470957517101475,0.1317003906357456,0.14302446348263262,0.3959872133210166,0.010541876142807634,2.7686677067598375,0.07370680431944238,0.02662175895629642,1.59765625,2.5441243712848642,2.93552
0.9105606874468207,2.200306323420384,1.1612338413946226,2.639220609360931,2.4164301773119194,1.2752953838262888,2.89845657268733,0.5277600800553445,1.1994787186078042,2.272772731279749,-0.40234375,-1.900320073159579,0.27552000000000004
3.461735536803148,2.664869786839672,0.815674589141034,0.4759283274528021,0.7698074444186549,0.2356259108962134,0.13748257843298842,0.30608421963774846,0.17859346441734253,0.5834781833206181,3.59765625,0.7663465935070874,0.97552
1.4703843376788386,0.1999142045150983,5.778993325364692,1.5677985402607386,0.13596051004643084,3.9302603933386977,1.0662508434602065,28.907367234769154,7.842356895366744,0.27129267192254464,-3.65234375,3.4330132601737535,1.67552
0.6174084774721768,5.165916771605789,0.3965550960535438,4.929608287749268,8.367097246147853,0.6422896842575575,7.984354714292724,0.07676374080070154,0.9542562347973975,12.431080414318169,0.34765625,-3.381801554641061,2.3755200000000003
0.6286973797468117,2.460054236716443,8.119424020755526,13.94749642167386,3.912938586935344,12.914677684874986,22.184753541188254,3.3005061024967177,5.6695889925948455,1.7177938220765594,-1.65234375,-0.715134887974394,3.07552
3.2665661249300233,1.695420297079599,1.4859704845537078,0.5069647853666008,0.5190221878995082,0.4549029248827897,0.1551980783421187,0.8764614220517041,0.29902012276239676,0.34116746640419393,2.34765625,1.9515317786922726,0.41552
0.3231851736117833,1.5099021032971682,1.6971658479419203,4.010538898287655,4.671941124102721,5.2513728553049,12.40941486723397,1.1240237656705192,2.6561582300798543,2.3630801333594253,-2.65234375,-2.492912665752172,1.1155200000000003
4.532642464507055,3.9589802168815944,1.652675744333441,1.318243988266779,0.8734375693389599,0.3646163925954342,0.2908334373578578,0.41744986178163296,0.33297564424434833,0.7976422433660479,1.34765625,0.1737540009144949,1.8155199999999998
5.102983274174018,0.3649510626779238,8.590186770743399,0.8951754352165078,0.07151719750384558,1.6833656528364438,0.17542198104919385,23.53791411843182,2.4528643063755564,0.1042090770674872,-0.65234375,2.840420667581161,2.51552
5.390279989710372,10.377452653661306,0.0855507174922231,1.1133001325252643,1.9252158836778537,0.01587129382064249,0.20653846083143515,0.008243903426727718,0.10728067568031513,13.013334839961662,3.34765625,-1.6040237768632828,3.2155199999999997
0.9740690076319226,0.5148347109362492,3.2691986857213147,2.2837336556479064,0.528540285033679,3.356229035219101,2.3445296357389855,6.349996642176933,4.43585796982266,0.6985606796009172,-3.15234375,1.0626428898033842,0.5555199999999999
3.79847958570739,0.7904251082538658,2.977202508397003,0.4242539332882889,0.20808986606852203,0.7837879449449664,0.11169046027906458,3.7665839271907284,0.5367414684302116,0.1425008651886154,0.84765625,3.7293095564700502,1.25552
0.2873190858475217,2.994329018590096,0.7833272852245822,4.8531369279774585,10.421615430654567,2.7263322341220615,16.891105279908157,0.2616036114806843,1.6207761063821227,6.195541786325048,-1.15234375,-3.875628715134888,1.95552
4.413384222515251,7.572139092558238,0.21909552938648055,1.1840898909057798,1.7157217026173097,0.049643429699310175,0.2682952199958131,0.02893443011391638,0.1563745563085974,5.404445696457214,2.84765625,-1.208962048468221,2.65552
2.7645553287417863,0.10325860486854252,33.36475553655193,5.545696369015998,0.03735089104385475,12.0687602775297,2.005999413851476,323.1184033430266,53.706869040852986,0.1662142065731771,-2.15234375,1.457704618198445,3.3555200000000003
1.236766568253102,3.410409232848099,0.4120646762806085,1.9288201142074304,2.7575205543154406,0.33317902250756853,1.5595668283076527,0.1208255807871143,0.5655685234574137,4.680867410469173,1.84765625,-2.986739826245999,0.6955199999999999
2.0623007130997086,2.5521182974541996,2.3966586483882297,2.910675741210014,1.2375102628065713,1.1621286038280856,1.4113730954566606,0.9390860332685029,1.1404940531610483,1.2144723835275686,-0.15234375,-0.32007315957933224,1.39552
6.028163866144295,2.380038354775752,1.1827631862320567,0.17554974345477103,0.39481978387194383,0.1962062101322023,0.0291215944610768,0.4969513133512073,0.0737592077465959,0.14842340842043117,3.84765625,2.3465935070873343,2.09552
0.11412545596760626,1.066911337662162,3.3815658192319047,8.346710793939355,9.34858335168446,29.630250241381198,73.13627554144023,3.16949094068272,7.823246880316071,2.468297599434348,-3.77734375,-2.0978509373571104,2.7955200000000002
31.677710836750794,11.670256176000327,24.889613822750352,7.593763511865678,0.3684059191064121,0.7857137768261571,0.23971945293015925,2.132739285872353,0.6506938148866104,0.3050976831518615,0.22265625,0.5688157293095575,3.49552
1.7880029727012507,0.49209088863874806,3.0121481606185863,1.1092939965210857,0.2752181602334334,1.6846438214070418,0.6204094811124414,6.121121585792768,2.254246160886422,0.3682733840998303,-1.77734375,3.2354823959762236,0.0022400000000000002
1.1560370951447292,3.382317641322911,0.34724070182120165,1.8430357611173076,2.9257864263425426,0.30037159125739743,1.5942704337585034,0.10266353981034937,0.544903216244483,5.307660511717053,2.22265625,-3.5793324188385918,0.7022400000000001
0.4822959869988371,1.0087919000787777,2.9466298503852464,4.136226435147419,2.0916448141236765,6.109588157100614,8.576116216279845,2.9209491572594315,4.10017807917016,1.4037142923148773,-2.77734375,-0.9126657521719248,1.40224
6.5021744966899835,2.0565916109687117,3.2303139976512525,0.5027131578734279,0.31629289740157646,0.49680518406506713,0.0773146211516379,1.5707124255601164,0.2444399535582254,0.1556236199449801,1.22265625,1.7540009144947426,2.10224
0.29942779457195656,5.052120257581973,1.0625930950732003,8.927365632836306,16.872582803490808,3.548745688730125,29.814752653801946,0.210326168202056,1.7670532722253702,8.40149034868452,-0.77734375,-2.690443529949703,2.8022400000000003
2.534708045705225,2.5047345020312277,0.7517871074393518,0.7437648797825802,0.9881747549881399,0.29659712041123226,0.2934321690589989,0.30014642543139247,0.29694359988231095,0.9893291231288922,3.22265625,-0.023776863283035965,0.14224
1.3281007564973235,0.32138811584152155,3.81757456033329,1.6720663197546437,0.2419907633281807,2.8744615509455764,1.258990563460321,11.878393668469556,5.202638919539731,0.4379917912090931,-3.27734375,2.64288980338363,0.8422400000000001
1.5065937595770553,4.33142931164002,0.7703573284378716,3.053927454699038,2.874981582862774,0.511323854583158,2.027041088738058,0.17785291482598134,0.7050622865971974,3.964299867039343,0.72265625,-1.8015546410608136,1.5422399999999998
2.575567737764375,0.8712574851194702,7.107366547941463,3.6963750870136067,0.3382778376761827,2.7595339247845785,1.435169043630787,8.157595968276672,4.242574841703363,0.5200766081333182,-1.27734375,0.8651120256058533,2.2422400000000002
11.353612213389036,1.618787298810547,3.924055749817108,0.07436963221880287,0.14257905487572942,0.3456217876800095,0.0065503058252333645,2.424071249323754,0.04594157136854744,0.018952236400379654,2.72265625,3.5317786922725194,2.94224
0.40725526433893194,1.6303886309697688,1.2096664299296023,3.140022247093274,4.0033580256261665,2.9702904685422946,7.7102066493609245,0.7419497455708352,1.925934827713784,2.5957753058221273,-2.27734375,-3.2830361225422955,0.28224
2.5906767828374186,3.342221593663665,0.8924503804572085,1.3690949098637484,1.2900959377893226,0.34448542032316326,0.5284699808689596,0.2670231028813758,0.4096361870377897,1.5340851882009974,1.72265625,-0.6163694558756285,0.98224
3.8165120805139847,0.8393607218786285,4.56770625728767,1.1129722937401674,0.21992874755045672,1.1968274070476723,0.2916202727151538,5.441887067415289,1.32597614437944,0.243661091814835,-0.27734375,2.0502972107910384,1.68224
2.6022006793952186,5.708326073694023,0.14248214063461734,1.2109108045588488,2.193653286963519,0.05475447830093252,0.4653410531121214,0.024960406745372383,0.21213062970231367,8.498684811762624,3.72265625,-2.3941472336534066,2.38224
0.46500317330885527,0.2902718423026738,12.005541223327663,7.522408329041403,0.6242362610929433,25.81819203060272,16.17711181520264,41.35964800474578,25.915046631349103,0.6265780266886096,-3.52734375,0.27251943301325987,3.08224
2.900391412980708,0.8947217594103241,2.6041248033239652,0.6724395143423602,0.3084831086611258,0.8978528869135384,0.2318444025633422,2.9105414906196554,0.7515627146315729,0.2582209245440321,0.47265625,2.939186099679926,0.42224
0.6348110475788862,1.843323989907097,1.9742244747894238,3.9248140346442204,2.9037364692019354,3.109940323689928,6.182649230212861,1.0710132812240587,2.1292046629534886,1.9880282535059,-1.52734375,-1.5052583447645174,1.12224
5.336448103523938,3.0084984575774305,1.3674303763171314,0.4083700587254059,0.5637642115531416,0.256243544355682,0.0765246941042559,0.4545225452494477,0.13573882934752862,0.29864047617931344,2.47265625,1.1614083219021492,1.8222399999999999
2.635569097509247,0.1274450295163529,11.807646339319083,1.2124697852679795,0.04835579140641587,4.480112606600956,0.4600409780239979,92.64893565585471,9.513668676363746,0.1026851372767233,-2.52734375,3.8280749885688152,2.52224
0.8987213541778416,8.173439980285247,0.09510680503843154,5.248994346671027,9.09452072356997,0.10582457465410522,5.840513661181284,0.01163608043465591,0.6422013692315437,55.19052337579808,1.47265625,-3.7768632830361226,3.22224
1.1280396215957726,2.065111867519007,1.597606409126454,2.7124976693402205,1.830708627590237,1.4162679914260565,2.4046120521041683,0.773617368750969,1.3134870376775145,1.697851018777129,-0.52734375,-1.1101966163694557,0.5622400000000001
4.0917524419903675,2.3834540743593315,1.0543084352560055,0.3423085659148219,0.5825020228251978,0.25766672109399513,0.08365818088161546,0.44234476619374413,0.14361869590746523,0.32467592449044863,3.47265625,1.5564700502972109,1.2622399999999998
0.17959260423177156,1.5927357386357885,1.7814484440390033,5.398735664436994,8.868604280498646,9.919386445000661,30.061013300245403,1.1184833747529588,3.389599123996002,3.030531521976952,-3.02734375,-2.887974394147234,1.96224
7.07024816299941,8.299602788902524,2.2637911421165477,2.9878075627501453,1.1738771536106287,0.3201855281351511,0.4225887824399403,0.2727589740973489,0.359994042937232,1.319824743176914,0.97265625,-0.22130772748056682,2.66224
8.657985412088253,0.15688335950640897,38.358178114399514,1.5441936219094923,0.018120076673653077,4.430381467361212,0.17835484219614114,244.5012538938683,9.842940811363803,0.0402572201762056,-1.02734375,2.4453589391860993,3.3622400000000003
1.7144600592711405,2.8935788779805396,0.48640275923507076,1.2118037828590085,1.6877493659494591,0.2837060896255889,0.706813656174747,0.1680972870435578,0.4187906512867344,2.4913587759344162,2.97265625,-1.999085505258345,0.03024
1.2162124377901549,0.7591454776969603,3.2863613397723155,2.4339385589899387,0.6241882208311563,2.702127718528845,2.0012445880033747,4.3290270920696745,3.2061556453893956,0.7406180597166365,-2.02734375,0.6675811614083225,0.7302400000000001
4.486881481047434,1.2021611300436863,2.2942091190292198,0.2857378210083041,0.2679279885420663,0.5113148472318576,0.0636829437584343,1.9084040081597455,0.23768679078645674,0.12454741751232,1.97265625,3.3342478280749885,1.43024
0.5110992454710802,4.329160362893338,0.5170116577760059,4.693005024426381,8.47029300327601,1.0115680317615734,9.182179519949866,0.11942538839805596,1.0840450875074241,9.077174477291216,-0.02734375,-3.4805669867398263,2.13024
5.651362594803397,6.8055424526160575,0.21704126759930287,0.575702083034682,1.2042303671815298,0.038405121589416155,0.10186960637847903,0.03189183949853578,0.08459312200945591,2.652500556242287,3.97265625,-0.8139003200731594,2.83024
0.9744844718139013,0.42368064509369563,3.0644940975580024,1.8939816033297345,0.4347741368367402,3.1447336373187826,1.9435728922435114,7.233028303382373,4.47030475727983,0.6180405453673374,-3.98046875,1.8527663465935076,0.17024
0.8269014819777447,2.961678444030215,0.8162074951577406,3.0647692007540948,3.5816581643397343,0.9870673991363195,3.7063293119561496,0.2755895045942448,1.0348082206330258,3.7548898030663103,0.01953125,-2.5916780978509375,0.8702400000000001
1.0365558778308148,0.9363601206942734,4.08809071964296,3.8108396493168115,0.9033378139283532,3.943917358510423,3.6764440111918515,4.3659385201195935,4.069844032327249,0.9321807931037396,-1.98046875,0.0749885688157299,1.5702399999999999
7.119805807576465,1.6218125864482877,2.662133421825932,0.1849817023673441,0.22778887939927428,0.3739053414902203,0.025981284794382706,1.6414556429457177,0.11405861806292147,0.06948626272851002,2.01953125,2.741655235482395,2.2702400000000003
0.10894008323311866,1.362836989361457,4.199250392735436,10.55739704807566,12.509968313913895,38.54642174037582,96.91012467361625,3.0812565446311755,7.746632304882053,2.5141146777862082,-2.98046875,-1.7027892089620482,2.9702400000000004
2.6493324416382067,1.731980633648319,1.7698970074465854,0.9994226713266214,0.6537422810469772,0.6680539518672768,0.3772356596775871,1.0218919155685926,0.5770403270742088,0.5646784344635283,1.01953125,0.9638774577046183,0.31023999999999996
2.5936415643814446,0.44582799471237505,3.6747899494957728,0.8365284780261167,0.1718926781691595,1.4168457199181916,0.32253048744829926,8.242618213929243,1.8763480264755497,0.2276398078591945,-0.98046875,3.6305441243712844,1.01024
1.5888445535481048,4.519540533285601,0.20079644438846042,1.6583997113549047,2.844545442279331,0.12637891097656773,1.0437771949757286,0.04442850836487268,0.3669398911551053,8.259108951882473,3.01953125,-3.18427069044353,1.71024
0.34503213865238874,0.6182985413837033,5.003618458966494,5.783774636386058,1.792002750232562,14.501890978937222,16.763002597311857,8.0925606710454,9.354339771597111,1.1559183986184085,-3.48046875,-0.5176040237768631,2.41024
14.270707491037403,1.3825064066592434,11.23517669829739,0.47652209131330764,0.09687721562000447,0.7872893972042766,0.03339162347855447,8.126672429277653,0.3446798430864412,0.04241340426675453,0.51953125,2.1490626428898034,3.11024
0.574045200438873,1.837358529719117,1.35535242011763,3.184447960053791,3.200721003005351,2.3610552254098223,5.547381909332566,0.7376635524286199,1.7331663409974796,2.349535008597554,-1.48046875,-2.295381801554641,0.45024000000000003
3.591880244440233,3.0229485878512454,0.9703729657688756,0.7002095022287972,0.8416061734046896,0.27015738268860373,0.19494232952577722,0.32100213998632054,0.23163129702001184,0.7215880150514971,2.51953125,0.37128486511202574,1.15024
2.015475316162945,0.21071783792921156,6.138037392025701,1.5017211449266037,0.10454994722057696,3.045454014148522,0.745095279948938,29.12917792032258,7.126692071655989,0.24465819430777355,-2.48046875,3.037951531778692,1.8502399999999999
3.327458227899233,8.462624887812293,0.4360871884109435,2.936543759004987,2.5432700602691294,0.13105714889357575,0.8825185946388133,0.05153096045164282,0.34700152705978266,6.733845517694404,1.51953125,-1.406492912665752,2.55024
11.888161988937343,1.420122856522449,23.905106626259478,3.880251695357055,0.11945688979036119,2.010832847710574,0.3263962670569147,16.83312575138571,2.732335218418278,0.16231894532085644,-0.48046875,1.260173754000915,3.2502400000000002
3.4252116613565144,1.2979913625665664,1.4903264779055627,0.29998882340825095,0.3789521614709534,0.435104929344815,0.08758256512809019,1.1481790410058546,0.23111773472442215,0.20129067546987534,3.51953125,3.926840420667581,0.5902400000000001
0.23228332581564892,1.4179059084443748,1.3724234560185578,3.970393332092903,6.104208743634453,5.908402814534257,17.09288997887001,0.9679227992810066,2.800181104011997,2.892979797657448,-3.73046875,-3.941472336534065,1.2902399999999998
1.8336522730712592,4.971523333230833,1.3784994786819584,4.253171695562514,2.711268328374946,0.7517780218890975,2.319508315739005,0.27727909260080175,0.8555067351556641,3.085363296349703,0.26953125,-1.2748056698673982,1.99024
2.6878524341145287,0.32539666708091397,11.524591668324062,3.6214190988097514,0.12106195375569823,4.287657879596601,1.3473280946700381,35.41705504149595,11.129244596439706,0.31423404863561544,-1.73046875,1.3918609967992683,2.69024
2.025895062835836,11.865447687134692,0.040429424419598334,3.62601615748435,5.856891556132975,0.01995632703848217,1.7898341449179869,0.0034073239784651876,0.3055945509258718,89.68755329909231,2.26953125,-3.0525834476451763,3.3902400000000004
0.7456774298154356,0.891860070092681,2.3539528938364187,2.5879385732418765,1.1960400495337875,3.1567978320318093,3.4705872402258753,2.6393746875468915,2.9017316281162144,1.0994011732427293,-2.73046875,-0.38591678097850934,0.05824000000000001
3.4825870785645825,1.3316094198877702,2.2447824331739348,0.5787811075872692,0.3823621319001216,0.6445732389552098,0.16619286023016697,1.6857664114174922,0.43464780208302345,0.25783394374167523,1.26953125,2.2807498856881567,0.7582400000000001
0.6495669086453649,2.9330209296434773,1.2695801227145793,4.2586726459249045,4.515348443103616,1.9545024628212928,6.556172411562845,0.4328575053396918,1.451974857350427,3.354394551183689,-0.73046875,-2.163694558756287,1.45824
5.498249536812736,4.146860276587009,0.7297880807361777,0.39975959045419973,0.7542146366443183,0.1327309857164516,0.07270670197444971,0.1759856932862024,0.09640054494028286,0.5477748965849648,3.26953125,0.5029721079103799,2.15824
2.010370093037449,0.08125473690208238,17.825976787096074,1.92293440860392,0.040417800276423416,8.867012521143794,0.9565076675501956,219.38384722822522,23.66550532212282,0.10787259691687133,-3.23046875,3.169638774577046,2.8582400000000003
0.8309619328853668,2.7300165297856704,0.5538494516582936,2.2839768708741968,3.285368946211743,0.6665160336950098,2.748593865116655,0.20287402864252088,0.8366164988215322,4.123822573148152,0.76953125,-3.645176040237769,0.19824
0.9128773542131797,1.742239080042615,2.123011101651471,3.3352733109331663,1.9085138567647704,2.3256257720198574,3.6535831407581356,1.2185532548147997,1.914360290237311,1.5710107725478626,-1.23046875,-0.9785093735711019,0.8982399999999999
4.87801213917782,2.3933997678697003,1.391676961087165,0.32227682468770813,0.49065063792012276,0.2852959200141985,0.06606724532301538,0.5814644840238531,0.13465231718249807,0.2315744484524257,2.76953125,1.688157293095565,1.5982399999999999
0.16817356862045046,2.2195275473554354,1.7092480524343057,6.656533359008743,13.197838195160555,10.163595067022056,39.58132906147588,0.7700954441727351,2.9990767030307843,3.8944220819959567,-2.23046875,-2.7562871513488796,2.2982400000000003
10.599706419819277,10.353487921993093,1.210137240813073,1.3598975974141707,0.9767711964771206,0.11416705264122831,0.12829577948229218,0.11688208359643465,0.1313468086948214,1.1237548532102655,1.76953125,-0.08962048468221306,2.99824
2.497891497660397,0.7957574459447709,2.8190074694506335,0.9061907109335664,0.31857166201578496,1.1285548119648126,0.36278225526702534,3.542546141184691,1.1387775452828877,0.3214573642510299,-0.23046875,2.5770461819844526,0.33824
2.1769857690380654,3.641457689726008,0.3336152230816131,1.0127418685185874,1.67270624434768,0.15324639592339925,0.4652037155787577,0.09161584494661948,0.2781144131856681,3.0356584425730406,3.76953125,-1.8673982624599907,1.03824
0.7061176501784049,0.35640960189974014,4.631451055709235,3.2158821620319054,0.5047453520099534,6.559035954616161,4.554314937771904,12.994742652898802,9.022995297799383,0.6943573673455226,-3.85546875,0.7992684042066758,1.73824
6.023929302018732,0.5279614548042557,6.6218268529050865,0.43390644821588564,0.08764403238054702,1.099253746335633,0.07203046823117187,12.542254349534211,0.8218525126550357,0.06552669797240696,0.14453125,3.465935070873342,2.43824
0.08264189932574864,3.1441505039677233,1.268254036064149,11.938804004886666,38.04547728960658,15.34638054560056,144.46429840422252,0.4033693789351657,3.7971477478004423,9.413574619432787,-1.85546875,-3.3488797439414726,3.13824
2.3093847170461665,2.9045858876598225,0.7759455678509365,1.1576510157059787,1.257731492817252,0.33599666704446485,0.5012811452163239,0.2671449899786242,0.3985597467178632,1.4919229694322707,2.14453125,-0.6822130772748056,0.47824000000000005
1.355304453323397,0.3451327052267141,4.249816405004341,2.008702224318002,0.2546532658255495,3.1356913161343143,1.4821040537366947,12.31357196998378,5.820086575100167,0.4726562356794211,-2.85546875,1.984453589391861,1.17824
1.3515116680400727,5.207211602616186,0.4068610085023181,3.105615491335391,3.852879502081954,0.30104143243715936,2.2978828557500166,0.0781341415620415,0.596406623801322,7.633111619044951,1.14453125,-2.4599908550525837,1.87824
3.1358255829396744,2.2759327509808176,7.9588500898107135,6.331760062902534,0.7257842283585327,2.5380397854748358,2.0191684439817714,3.4969618879911244,2.7820505944975085,0.7955621718530349,-0.85546875,0.20667581161408322,2.57824
17.37579303468636,2.7234482800540083,3.582109879511586,0.04344826773084718,0.1567380708677489,0.20615518798830149,0.0025005055967295274,1.3152847093687234,0.01595340291536051,0.012129239245104137,3.14453125,2.8733424782807493,3.2782400000000003
0.4288119684725807,1.0145301578663173,2.1208087863376517,3.2603488393096662,2.365909145400145,4.945777968585925,7.603213247342329,2.0904344438591904,3.213653940230406,1.537313906049892,-3.35546875,-1.5711019661636945,0.61824
3.75569148843735,1.8990905526735413,2.709235710370375,1.1318612572241076,0.5056566969146089,0.7213680140425008,0.3013722667872933,1.4265963813870333,0.5960017312658801,0.4177788048827146,0.64453125,1.0955647005029725,1.3182399999999999
3.1553325730704067,0.2608734332468998,6.377283706146965,0.866506377386415,0.08267700066654078,2.0211130074131383,0.2746164967780974,24.445891736746066,3.321558529750029,0.1358738951116763,-1.35546875,3.7622313671696386,2.01824
1.3568524400339594,6.072264065637956,0.10081263520078988,2.5139089416347793,4.475257505146233,0.07429889369419326,1.8527504299375848,0.016602149397829002,0.4139986197011125,24.936447069633612,2.64453125,-3.8427069044352997,2.71824
0.12681728792380545,1.7879147596020493,8.540687025168356,19.34683827344351,14.09835195873505,67.34639389465404,152.5567893004265,4.776898327674932,10.820895218600741,2.2652555018619407,-2.35546875,-1.1760402377686328,3.4182400000000004
2.80096754612642,1.6329115291829464,1.6009638269827717,0.7243195818113395,0.5829812385513609,0.5715752862602118,0.2585962064476729,0.9804351297487867,0.44357552069815104,0.45242720016754884,1.64453125,1.4906264288980333,0.08624000000000001
0.658443795681872,2.690622314787641,0.8342670965806207,3.1442777737873238,4.08633558768867,1.267028563488353,4.775316882637141,0.3100647355801276,1.1686061460601125,3.7689102047469656,-0.35546875,-2.9538180155464104,0.78624
3.4519467266968027,3.6944882571653177,0.5116401952381369,0.6252502574567629,1.0702622461096336,0.14821787117431262,0.18112975284965369,0.1384874330689319,0.16923866417605038,1.2220506974940615,3.64453125,-0.2871513488797439,1.48624
1.2703247382482568,0.165771411953206,7.619675546829037,2.306158729569073,0.1304953032574964,5.998210786114709,1.8154088164489368,45.96495533849903,13.911679356510858,0.3026583895069904,-3.60546875,2.3795153177869226,2.18624
1.3358946005408716,9.232841591352019,0.6499211972205369,7.526747979090476,6.911354823661884,0.4865063433577765,5.634237892752225,0.0703923262183214,0.8152146773687136,11.581016300559948,0.39453125,-2.064929126657522,2.88624
1.3007863802805946,0.9224769206254457,2.7014991142743896,2.075329144932799,0.7091686495260326,2.076819956933778,1.5954419391177255,2.9285275911756736,2.2497355744420267,0.7682138905643221,-1.60546875,0.6017375400091458,0.22624
3.8053056874928815,1.2955799686529603,1.8514467464918736,0.3230272890505986,0.34046672594825117,0.48654349966604016,0.08488865693820895,1.4290486047085604,0.2493302589314161,0.17447290323779044,2.39453125,3.268404206675812,0.92624
0.22060932910363792,1.8616735928512596,1.2996918555474422,4.597895966089822,8.438779993645154,5.891373047677746,20.84180204332982,0.6981308971337397,2.469764830819715,3.537681602346539,-2.60546875,-3.546410608139003,1.62624
3.985527906677193,7.122131402781169,0.823637900314807,2.4703922814333446,1.78699825206318,0.206657165525028,0.6198406683577723,0.11564486159201993,0.34686137361473907,2.999366931134571,1.39453125,-0.8797439414723365,2.3262400000000003
8.168151140167144,0.6268674634782105,16.449056625723824,2.035261461849537,0.07674533106954522,2.013804145326727,0.2491703969385525,26.240086755269246,3.246717337276959,0.12373119675852401,-0.60546875,1.786922725194331,3.0262400000000005
1.6198949531984568,3.1609915160831976,0.36922343501248234,1.2484882168520297,1.9513558640588826,0.22793048048174763,0.770721715248825,0.11680620879045862,0.3949672786211836,3.3813894202295747,3.39453125,-2.6575217192501146,0.36624
0.6881126317721857,0.6669421630006349,3.293259267667491,3.191412752629823,0.9692340064779399,4.785930552075367,4.637922057048369,4.937848362818765,4.78514169545281,0.9690742493196406,-3.10546875,0.009144947416552363,1.06624
4.985279178603804,1.1028799351971448,3.4310572949509504,0.4494641718078316,0.22122731660256215,0.6882377439716154,0.09015827513469571,3.1109980202311265,0.4075368110922136,0.13099873688185001,0.89453125,2.6758116140832184,1.7662399999999998
0.47052571516370345,3.7503930812760458,2.232809669404844,8.026975033736651,7.97064423986099,4.74535099240647,17.059588403035395,0.5953535058904135,2.140302325591302,3.5950108707099258,-1.10546875,-1.7686328303612253,2.46624
14.224683216569675,6.645858087310364,1.0332711198765971,0.18073689814331015,0.4672060520524571,0.07263930620774652,0.01270586454486228,0.15547595303750622,0.027195419427990815,0.1749172067877939,2.89453125,0.8980338363054416,3.16624
1.8600915995288285,0.39032596165476113,3.418386486025154,1.113316428658972,0.20984233343865047,1.837751692922569,0.5985277439782972,8.757773814309276,2.8522735816473506,0.32568477356506254,-2.10546875,3.5647005029721077,0.50624
1.1990555250662402,3.9341409884089855,0.3220420543497479,2.1289861227029565,3.281033201687344,0.2685797676733587,1.775552573001441,0.08185829010667603,0.5411565393755613,6.610894738582216,1.89453125,-3.250114311842707,1.20624
2.249374052675767,3.6601763313369884,2.570017066651327,4.082676683308789,1.6271977206205375,1.1425476628016298,1.8150279089652512,0.7021566268946808,1.1154316933734911,1.5885795998344956,-0.10546875,-0.5834476451760402,1.90624
8.207973705764575,3.072141970142924,1.1254308939426447,0.13095600277006797,0.37428750143111644,0.1371143395783833,0.015954729810854017,0.366334272595575,0.042626937180242214,0.11636076766232957,3.89453125,2.0832190214906268,2.60624
0.06160731114856987,0.9772271100302043,3.9408213113170323,13.791710981208187,15.862193817768809,63.96677988126273,223.8648420793535,4.032656555337713,14.113107219039298,3.499704729468935,-3.91796875,-2.361225422953818,3.3062400000000003
2.152019510302586,1.7821653285581478,2.1331561274514272,1.7287317347226796,0.8281362320491069,0.9912345669912136,0.8033067202441906,1.1969462615330122,0.9700175999503378,0.8104103175926786,0.08203125,0.3054412437128482,0.64624
2.13579917656982,0.3220786031850725,4.5454718223281265,1.3025161348671626,0.15080004090194646,2.1282299722712406,0.60984953508553,14.112927022712565,4.044093963356865,0.28655246051003613,-1.91796875,2.9721079103795143,1.3462399999999999
2.838765706891412,5.950125917414092,0.37061029378836124,1.8102291748808774,2.0960257139113367,0.1305533221317506,0.637681782080976,0.06228612619838934,0.30423375908447964,4.884454655527235,2.08203125,-1.472336534064929,2.04624
1.163523100498401,0.19455242412649265,11.195207616515921,4.369011479538752,0.1672097649313152,9.621818090006462,3.754984733579646,57.543398221741526,22.45673113123556,0.3902572984080522,-2.91796875,1.1943301326017375,2.7462400000000002
18.555905086707977,0.6498681169516421,39.04196620191518,0.09343961849867162,0.0350221729371292,2.1040184253734857,0.005035573207668786,60.0767527803189,0.14378243225251905,0.002393312314636654,1.08203125,3.8609967992684036,3.4462400000000004
0.5398968905617831,2.1187001813742095,0.8356822442553247,2.778683891715445,3.9242681675192124,1.5478552643371692,5.1466936377872425,0.39443157252825317,1.3115040609064201,3.3250483791139134,-0.91796875,-3.743941472336534,0.11424000000000001
2.429249785401064,3.376008592404175,0.5028991401934871,0.9903262801466841,1.3897330001602954,0.20701829149712553,0.4076675383890929,0.14896263632888296,0.2933423458621703,1.9692343871688913,3.08203125,-1.0772748056698673,0.8142400000000001
1.0522864334620816,0.3065964060142011,4.678786474931552,2.4895652001248694,0.2913621199177506,4.446305042190919,2.3658626785998367,15.26040874306543,8.120007773377345,0.5320963487997794,-3.41796875,1.5893918609967992,1.51424
0.8869318353357163,5.471647150134124,0.43081198469750426,4.321900911991951,6.169185648932116,0.48573291377508826,4.872867045477118,0.07873533743617661,0.7898720062542793,10.031988583201983,0.58203125,-2.8550525834476455,2.21424
1.5217469789392823,2.048948660002276,9.665090305390837,10.63875821745637,1.3464450321632802,6.351312300371896,6.991147914006048,4.717097355372535,5.192301020097083,1.1007406947374776,-1.41796875,-0.1883859167809785,2.9142400000000004
3.1765746438835594,1.515195615567693,1.4994972652468082,0.4440983792800709,0.4769904017477369,0.4720484903869848,0.13980416929133865,0.9896393903469664,0.29309639938053944,0.2961648477611428,2.58203125,2.4782807498856876,0.25424
0.41760716259166425,1.4467063495707613,1.8770379396664914,3.810844117398121,3.4642757097184873,4.494745559481356,9.125428054796942,1.2974560733927862,2.6341517879760468,2.030243521915825,-2.41796875,-1.9661636945587562,0.95424
4.707697746383188,3.1120456434369794,1.761385558795883,0.8492115320968298,0.6610546834337209,0.37415009494802715,0.18038786214541042,0.5659896288830097,0.27287888077340366,0.48212699817827903,1.58203125,0.7005029721079108,1.6542399999999997
4.904362102509015,0.3898350458528533,7.021911076564068,0.6302328731924658,0.07948741094247877,1.4317684807513988,0.12850455574437417,18.012518759574405,1.6166655099304559,0.08975232900568837,-0.41796875,3.367169638774577,2.3542400000000003
2.1302584637506734,7.419172416556493,0.06440079041581083,1.7874202170701234,3.482756924947881,0.03023144445224856,0.8390626055408665,0.008680319960228337,0.2409190832499523,27.7546316672427,3.58203125,-3.447645176040238,3.05424
0.5321685693983672,0.7905689356910601,2.4052485481494195,2.9199792043072543,1.4855611194490916,4.51971177265998,5.486944123002942,3.0424273451206623,3.693516241888271,1.2140031044001107,-3.66796875,-0.780978509373571,0.39424000000000003
3.442373652772253,1.1875154630607336,3.0845335981449526,0.9158588201656692,0.3449699488910478,0.8960484564657528,0.26605444746769397,2.59746815438916,0.7712394900569215,0.2969197095847714,0.33203125,1.885688157293096,1.09424
0.3129820948375223,2.405940320218362,1.5010128189182583,5.220998701512493,7.687150031593188,4.7958424576890755,16.681461296445278,0.6238778270202593,2.1700449747808532,3.478317197367531,-1.66796875,-2.5587562871513487,1.7942399999999998
6.775387895872854,5.999012426215019,0.8824738789912746,0.7208608084681921,0.8854123953359548,0.1302469899219826,0.1063940278470692,0.14710319237462513,0.12016324642337967,0.8168636212690886,2.33203125,0.10791037951531823,2.49424
2.7372754596154802,0.05218990287567991,31.404325364967143,2.25798871564297,0.019066368601065566,11.47284072366567,0.8249037223167016,601.7318223368704,43.26485759173879,0.07190056431404357,-2.66796875,2.7745770461819834,3.19424
1.5890642327809752,3.0825383353958347,0.7214473676566374,1.8515473669685862,1.9398450180967033,0.454007681233913,1.1651809466054415,0.23404327510625916,0.6006567203748419,2.566434434410195,1.33203125,-1.66986739826246,0.53424
2.438553774423038,1.150259759179718,3.703313631140213,1.9703299392982039,0.4716975164723893,1.5186516163730766,0.8079911790193695,3.2195454996888255,1.712943466529074,0.5320451183853848,-0.66796875,0.9967992684042066,1.2342399999999998
5.634884819835186,1.4832241430728115,1.8102004154738658,0.16913414988555486,0.2632217322085732,0.32124887612641784,0.030015546953185434,1.2204496696794958,0.11403141640828325,0.09343393606573651,3.33203125,3.6634659350708727,1.93424
