n_train,model,representation,mean_cm,mean_std_cm,median_cm,median_std_cm,p90_cm,p90_std_cm,p95_cm,p95_std_cm,max_cm,max_std_cm
50,KANs,absolute,269.23587260736895,61.06291311208069,143.535596770421,36.32475746918444,530.6940858578768,104.22648508821611,931.6704000439729,315.93879639012334,5782.146979482982,2340.077261807502
50,KANs,log_d,123.1044197782242,103.75997719530746,78.41088936824883,61.82022634110582,234.12669847434964,195.14201014912302,337.22938038676085,266.1239586197466,2409.4405887383245,3792.379609279362
50,KANs,relative,224.4211505974934,58.24974193962975,151.7035439998379,54.69467480576958,492.5078155714059,114.73660837823306,662.875569469036,141.59910440760464,2137.765436670955,621.9064025359825
50,gps,absolute,114.35163918920189,5.33020391971383,89.1132175535255,6.5277078438896305,239.9094790747998,10.237818552511127,297.48235593688605,15.752744388701988,468.7036947410546,27.151762231668556
50,gps,log_d,12.542205133446771,1.3997997438854648,4.480517268581773,0.4837117308869967,30.034390108056062,3.7763385799036016,50.36686645161935,7.534587549519785,284.15032074512743,20.552274358160084
50,gps,relative,42.12922314577763,8.049566371306993,30.945095422096795,4.414485998990645,86.84299568513599,24.134978598117485,119.1912889365703,27.81939680531575,297.79526229346527,26.096323266501877
50,nns,absolute,97.79237372443443,12.764720359474477,70.13750311326791,11.735207683572087,191.763387016663,25.869546463304477,270.4534558230579,38.67110725577805,1426.2914611789195,542.4793054114393
50,nns,log_d,29.87872687752328,2.959418499106024,23.906116779216557,3.2078758548896547,55.43141887539341,5.907490611414507,71.8608733205167,7.23424617277259,270.6197376879464,44.31887476028207
50,nns,relative,70.44889532181405,6.216052708485856,55.12685109906819,4.502225403408827,135.7987291362868,11.543005982329243,178.65649973172052,18.091574724891284,632.3773526023435,236.86854162149933
100,KANs,absolute,200.4791596675112,49.50509098420405,116.64087727508254,9.550048682459579,309.71022131878397,33.36473399678621,493.09162382897,91.84335485785905,7408.4393746453325,5056.374477169632
100,KANs,log_d,85.74968711331796,92.69534827158901,50.36714567436472,51.750093935094455,168.6241232549579,178.8119076515999,242.98071223047765,225.7420779383852,7260.075640619182,19688.52086057356
100,KANs,relative,132.98550830847427,39.63822933877226,78.68983645471502,25.7087963081132,299.0193619829477,103.88199137045142,458.21593179384945,138.91663135621505,2126.18525372959,698.8162873606764
100,gps,absolute,65.49467872181576,3.72711770671783,39.203050521683735,4.116586284281869,162.44270442986468,8.352571887352024,212.8625511382234,12.43322815063128,419.8617557442003,9.513118762908036
100,gps,log_d,6.410258106815395,0.8163326456929035,1.6346554027582887,0.1522820874044025,15.391822595014514,2.418859755179256,30.35171967789197,5.512993342521047,239.01687958701046,30.847975698118525
100,gps,relative,22.75884483501884,1.4248207302834077,14.727601033428252,0.7749794912113196,47.33457252441019,4.808129283040212,74.88772805602777,7.453080928077513,291.965191024068,68.91295561317348
100,nns,absolute,64.20861420657414,7.379656538432593,46.759997331925746,5.452137351956659,125.0174195883116,14.2521063642332,171.16996901870147,18.927562809722392,941.1727499423929,334.09909535935805
100,nns,log_d,17.93618772971136,0.3497705231812265,13.174197551999944,0.3726737599554928,34.4927793595205,1.8597526104382287,46.57830514579891,2.087399536971145,227.02889259743233,33.59959496877276
100,nns,relative,43.85334891228385,3.3370886868937983,33.598142413296486,2.6891591679833224,84.76812221430465,7.580681017040754,113.71936454385006,12.148232792122023,449.43914022243445,117.4701125141134
150,KANs,absolute,104.66075520945697,29.547288739752016,68.14964721571756,19.2788183170762,182.74335081716424,52.69154894679194,264.4930685383464,78.87973339494309,2628.460083703818,1641.8691728588653
150,KANs,log_d,18.760647093473487,1.9442757736810308,8.44031157772302,1.6144771736267778,32.51556373617267,3.5163800893456485,62.72001656503571,12.92091494205834,832.3190155727928,295.013162192657
150,KANs,relative,112.6325965885516,28.457792004660416,75.24134561084364,25.757348689928143,229.2566956060968,54.912795256102996,335.1687942444877,70.66547675159968,1714.7241551891082,391.6131810978728
150,gps,absolute,48.32117695872037,2.0195128780670215,26.179224138326553,1.0863687817078778,123.79651285558452,7.7729618101077484,173.61642131519596,11.679473798444489,408.6030221623704,9.23564533856623
150,gps,log_d,4.319378168465907,0.2724056450888339,0.9693580237143931,0.0485161553482677,9.097246436664923,0.8472860981757916,19.864083483308647,2.291803317844541,212.59725420898013,34.70714503875689
150,gps,relative,16.33408071646674,1.404078058018428,8.870464714026701,0.33468744101741227,33.80857957446692,3.2685293491491905,58.92751803164689,8.767526251975834,345.97023114637864,86.73880454235088
150,nns,absolute,49.22692070286983,3.9284396253540774,37.20901513365085,2.902808565719895,94.28011404296414,8.142438182195963,126.88310437262757,12.447511290688578,801.4383438242567,324.05045246316797
150,nns,log_d,14.485793531216135,1.1270194268580367,11.068810560097733,0.8568349070121168,26.031513723500076,2.4374376843390952,35.55572676326347,3.5245451279129423,206.6511382143229,15.949700336816035
150,nns,relative,33.34379514910202,4.1915206089838115,24.984937076352473,1.930063940534374,61.51150433194874,9.57922758953704,84.74582220977923,16.971044876886925,566.9488530468561,621.0588926693313
200,KANs,absolute,61.11038438181187,12.829296730988114,39.850378014283464,10.792761396552516,113.12720858601145,31.56695478489967,164.63053347213855,46.22847191497717,2301.013815310205,1143.9503081121004
200,KANs,log_d,28.140632348047394,23.367872652443925,14.16485266837708,12.299228278687778,59.04314501292926,59.48067633112016,96.99721321362897,94.13517093215357,990.658941534932,427.10960237589927
200,KANs,relative,73.83553781397832,26.22229249276559,43.96835646258963,26.988745990526088,154.39062789533153,50.40030072945055,246.4950049656647,55.04625192274647,1449.2461732199354,446.1772176575625
200,gps,absolute,38.016470829305675,2.3855858969243338,19.565200831485804,0.7711806078121601,96.90781343121682,7.769740112516369,141.0302492906443,13.040083827158528,403.0144286658018,21.83863472436725
200,gps,log_d,3.2399809280275136,0.31402865271951624,0.7339467949210143,0.01873460221420327,6.449092326282607,0.5934725245038205,13.943871068480018,1.4950010657238997,192.88131279784895,30.671962195475807
200,gps,relative,13.49270624786639,0.8898339313469448,6.408585996606492,0.4332001470095697,28.34656075633855,3.183728995874189,52.912642676100994,5.533563689991221,352.49707297172165,61.436792911667396
200,nns,absolute,42.57915181579682,2.2366331730504276,32.94625312748376,1.9898822827745806,79.90799085421773,5.710739145708422,108.17856851355312,9.03041257698309,573.7972670044908,215.3524087445081
200,nns,log_d,12.116769877982822,0.7791139130829045,9.543824110871064,0.5487079907244855,21.314132860407675,1.4733855232385846,27.973184167767677,2.394238694783993,195.43612747260846,20.563361174315745
200,nns,relative,25.96935972697048,1.8102453900423894,21.07649203312277,1.4151571483570946,46.89416839672232,4.2153458377223725,62.08217451694052,5.570576727603165,245.76196302233888,30.506225909423534
250,KANs,absolute,51.022908256084705,8.624230108715821,32.805743427620236,6.332891901142348,92.26304313188068,18.290247194056246,140.8261059633474,31.179920098479617,1603.4593106620935,779.3703089868939
250,KANs,log_d,12.332457377972649,2.3525167277265067,6.961002796384619,1.070799254582065,23.266425808736596,3.7088861906032387,34.38636520282624,7.145456845096489,531.7622206090691,307.51778835793505
250,KANs,relative,38.4270499395391,17.861507977613368,20.10928782903694,13.476395546746055,78.98119122548187,41.0464802196899,136.93355346814,65.02900936104844,1027.5540048148416,475.18155721484203
250,gps,absolute,32.97988188306009,1.306001523842029,15.45451710050368,0.8050215331325489,85.82348677134871,4.938831913915185,128.64752595933584,9.043392961010158,388.06802233844604,9.732517221018751
250,gps,log_d,2.6140877169740895,0.3075500206680652,0.6415106339127151,0.038253556170567256,4.795134183848633,0.4333518459962908,10.344078956019427,1.1817387684340925,176.54295597958273,32.24291097962201
250,gps,relative,11.561041031667278,0.9284058450875673,5.112804342495524,0.25625632472233617,22.949635141984245,1.920111550846592,44.54120379012598,5.414075306961257,370.84701358405283,64.10338891564508
250,nns,absolute,36.39173960799644,2.9339978175341295,29.071494461130925,2.0342766087859565,66.35486738862404,6.579626890969816,88.76788543500486,9.969523775337027,408.3876125859561,125.15205983820539
250,nns,log_d,10.995988770130115,0.4323202775330729,8.854860117864657,0.4703923497840763,19.769205191355365,0.9078191893743598,25.858905094459146,1.5949111300697802,178.7598983594104,9.515060386280439
250,nns,relative,23.010657109476334,2.030304250948203,19.121960221674904,1.5370486478173409,40.3553011743859,3.8927493307371615,52.077166276883496,5.344118287505845,255.30933228875455,81.06535669799409
300,KANs,absolute,43.95185822170398,8.00747485975996,27.123910136880596,1.6872407929085442,76.29209387156291,10.68536685887328,115.07494293228831,27.237252725289654,1923.0955360555295,1132.7410334577344
300,KANs,log_d,15.018416411120603,2.3719544036323277,7.223322059430734,0.4298378891780829,26.12492002792113,3.6736304269311844,44.37454848543806,13.271052910818861,554.0225957089413,247.80126943126214
300,KANs,relative,42.77518530218107,20.753926021719856,23.002021151509155,15.915639114752018,89.82125202466125,50.04571014209288,151.529032709011,82.29380923731593,951.7475116504347,282.9733010799603
300,gps,absolute,28.55789493366162,1.49958702395855,12.940689380647324,0.7907640251448044,73.90215657911885,6.367929702201927,112.79206294339065,11.523119258646675,380.00779826760623,12.360912651720863
300,gps,log_d,2.320161002450894,0.24799829960111244,0.5602100163290512,0.02171548743233576,3.9977195419457887,0.45355970178653904,9.10764592276793,1.1425744425016962,189.7184461799024,18.61168749491553
300,gps,relative,10.071157355776513,1.0228206318727802,4.2332718459294325,0.2569052055457537,20.328120750859153,3.0703588051695148,39.20716918780741,6.4151320883120455,358.52000137685553,71.59564034372535
300,nns,absolute,35.12922101672239,1.900325993158336,28.89158401377507,1.7534191797540624,62.423670393710914,4.576670116329434,82.28206798189976,6.757022813386479,363.9933248704837,73.0581800101048
300,nns,log_d,10.922341379281795,1.193700998967772,8.876729169442914,0.9214501247061112,19.55633579237641,2.347097769189677,25.159966104961608,3.1765071473485498,160.37628053394914,34.18596971427989
300,nns,relative,21.16741436274,1.4589142709715228,18.077831775222446,1.2134059105951056,36.61547940579721,2.816032441568261,46.05614805559136,3.7458755375648938,183.5646563076275,40.597173633561255
350,KANs,absolute,38.5179667871656,5.817851750805547,24.70421579420832,2.7715589492987998,67.40319823165956,8.15119821271655,98.31430697355697,15.383858176346683,1781.0940556689807,1422.3341126341159
350,KANs,log_d,10.304270900085431,1.2259352510048147,6.559592364381105,0.3863704459847562,20.063784292938173,1.2635799705869075,28.37909775341053,2.621097236487159,297.1962395983085,210.9607659737987
350,KANs,relative,25.057799441984482,12.858739452267361,11.645489115228699,3.6866997743874896,47.48549212755997,30.564201108124994,90.37290788891883,68.5143507054044,991.8959040825941,347.3774212211706
350,gps,absolute,26.031051119534983,1.2996676978313069,10.83876987427924,0.9186645549835337,67.99023434711832,7.611701731883084,103.88603564432654,11.116758398803833,381.70814145126934,9.541391695109224
350,gps,log_d,1.8986393313470515,0.20893145989424466,0.49997732558757796,0.02536861505072067,3.0223788023477764,0.2255396970245934,6.9530532291660325,0.8327374395540084,175.38245207533564,31.741024842905244
350,gps,relative,8.951301065819871,1.1083249959124497,3.462079424906843,0.20902430321443594,17.47619440107815,2.0362986029752035,34.70604398547037,5.448539833833068,392.3593932354476,136.3359161274257
350,nns,absolute,33.2476336478948,2.6213299735777396,27.5120289205603,2.270942386225812,58.83664344802081,5.26243516995722,76.90630985303365,6.4459331944856695,329.8825415743489,75.08376610355064
350,nns,log_d,9.865667047853721,0.7934118721944962,8.202463726248807,0.6614397774795497,17.387542876184682,1.474356496723622,22.225129012294307,2.061664783362022,161.95057963829882,13.592838775866635
350,nns,relative,19.288328437161677,0.8218415774023708,16.601257954224454,0.7385711710481682,32.84309603221352,1.6473358482049927,40.928637578326985,2.2397359988275336,210.49255475988608,124.05831887219657
400,KANs,absolute,42.398562844199866,12.14580193484045,27.05016723904771,5.6572559297166105,73.66326102717964,16.70653919650403,106.38103169037633,27.810762168952962,1588.1659883879229,1231.4019042710302
400,KANs,log_d,11.38737948819734,0.9119982174774408,6.694166922642458,0.4654631609363124,21.942675210382284,1.5434960975930838,32.120408593647106,2.664937162556064,429.4287567474197,493.77408251455216
400,KANs,relative,25.498409978943073,9.244869109983636,13.23781501321751,3.9338423359392087,47.534474580403476,20.312717483591673,85.17340401573841,39.664431111581294,913.3574986446031,373.64721495839757
400,gps,absolute,24.02080486613609,1.4541799909851632,9.189224447810766,1.0527464898795622,64.53702277308456,7.224338839075897,99.38111698783598,10.697643519295543,383.5578315465809,21.19355039911275
400,gps,log_d,1.6692853171265516,0.14509738564269206,0.46637852007961705,0.02153976178363687,2.6197730014470304,0.20322090337820944,6.010062350375085,0.4614013207805729,175.6975156663032,15.825875204470918
400,gps,relative,8.174805319539026,0.7692280883294551,3.0301289835321663,0.24619839866573326,15.28711895311157,1.9450975499024081,31.250178795760394,4.853433846488684,440.2698324025515,112.14151547969843
400,nns,absolute,31.662131088016093,1.9581767700858572,26.310446004824552,1.7775255521682827,55.55090854577285,3.9583051753847656,72.63389261658499,5.740347573089642,347.8366652079875,117.6151894062536
400,nns,log_d,9.833460595290845,1.1161599801686424,8.03405225280402,1.040992755380647,17.530586618908366,1.8827267701152492,22.348034816641768,2.2795455790436328,160.0750349738809,29.862852964879995
400,nns,relative,18.952621263002232,0.7101594006191696,16.35056314627025,0.756514659545984,32.206310002576394,1.401852429262638,40.00942666504881,1.9327045225354396,197.0576261736383,88.59784703080956
450,KANs,absolute,35.38199617056052,8.604798988789666,23.66406984369447,3.8704527065324656,65.90446659763748,16.404450625883726,91.81250313660513,28.428272998452943,1054.9902519523232,897.1721527866999
450,KANs,log_d,11.413140749282153,1.7406510110419025,6.6740517714004755,0.4486729389351758,21.148380305634213,1.4497770160485235,30.779813537702495,3.254579951228424,308.7020487990046,148.30930619344167
450,KANs,relative,23.572630953185886,13.21501654832966,13.453767952914816,9.338197603473658,41.9161621283671,25.91947810787824,70.28426612023345,37.44160135020275,1059.5739528560841,796.2055248858092
450,gps,absolute,22.672999649056063,1.2530892060922427,7.767286025953825,0.8138009303602045,61.98427620359788,5.408947515771789,95.93780721527925,8.245641212675125,385.5830236723408,23.26907706327185
450,gps,log_d,1.493162273186503,0.13774580327606284,0.43692491155946434,0.019854865363455154,2.3048084870411825,0.13807516147057117,5.2827550470551285,0.48639288586635415,146.22676201974758,42.23966435364902
450,gps,relative,7.522461013203342,0.5604232077270569,2.635610656373441,0.09217806724748015,14.173646158792732,1.399626830472398,29.253536706985066,3.2375616521294805,441.7644249808538,81.18879367241813
450,nns,absolute,30.537204404936983,1.8463573401038416,25.628295051054522,1.5109203381032696,52.711668013059224,3.4334077400856198,68.68657905223053,5.127689419550673,330.09099213250846,130.15339267235726
450,nns,log_d,9.852036265197214,1.1674469386499846,7.983877083256023,0.9129862349099799,17.42021056453037,2.195698181165919,22.545849211065676,2.9804559113654987,174.3188594584051,10.40542982772095
450,nns,relative,18.80905966395865,0.770637350552625,16.411076935935107,0.6856372977887526,32.005522844560204,1.224922416524881,39.61451784446244,1.7982825854310838,157.61935769663097,27.5608712670772
500,KANs,absolute,32.945591235905034,5.703477904809101,23.110637997456287,2.955062157908411,60.441771179317115,11.282407918550907,81.1875537078563,19.86533242829897,965.0522542732485,368.37177890113776
500,KANs,log_d,11.654427680113725,1.0535270670275059,6.807754762738395,0.3712676701128854,22.040200021213856,1.7477372300017695,32.1651873018465,3.7369500952484396,332.07925344532043,112.05269332851894
500,KANs,relative,16.556200273484315,10.81480456574846,9.491292371725564,4.060285487620002,31.01756010492546,27.682234612240645,50.98594202805056,51.856743366424894,721.9187619783617,340.71712972161123
500,gps,absolute,20.640209185945544,0.6135659992832346,6.935970681809179,0.7242169032175979,56.59199883475367,4.163960020626964,88.59898785248188,4.958285418825272,390.2443469501442,62.46588447830649
500,gps,log_d,1.310167297724339,0.11885755673110981,0.41624349290145474,0.012978386346735095,2.024657708547128,0.12967071251909762,4.576079906642752,0.3597236369670559,137.35879569575465,43.491356168572665
500,gps,relative,7.260056268847199,0.7082344847096355,2.3211351673367027,0.10390489843445737,13.387260013326744,1.6022341390833739,28.696161493404826,3.878352201506707,512.7262328879682,157.5045195579503
500,nns,absolute,29.921404104720516,1.7167585526366094,25.182171363259382,1.5069272027915062,52.19518426046066,3.9342410265333396,67.53672897533168,5.137455734372107,291.14377053827485,43.27788105439944
500,nns,log_d,9.725554905580802,1.4108592087968133,8.05818382106392,1.155117781327285,17.139673113955244,2.408952784536574,21.65279978546454,2.9661974600765912,156.19016919607458,31.401734126888204
500,nns,relative,17.338147604446185,0.7669466598432958,15.201583402613327,0.660076522362873,29.2331133142571,1.5536804741220258,35.87327689057519,1.869901392116259,142.45214551394707,15.287270083319294
550,KANs,absolute,32.837340319436905,3.893623481301597,22.56780243802555,1.8397946069991629,60.39065422547692,6.575984868462184,82.25222205904595,11.841437710572295,915.0800262577953,394.9042634755449
550,KANs,log_d,10.567449631272321,1.662876985289812,6.428229642265331,1.0180416577737232,20.854212437872626,2.0535633528175286,29.47292466996898,3.1396936858680182,250.00096465221836,47.60432675588995
550,KANs,relative,21.471250718909566,18.255724483731505,14.837878764193897,13.24360710426314,41.40577006611642,38.370404195624424,58.98082748350815,51.9449899100412,547.3487087907176,189.08763297301522
550,gps,absolute,19.975906885444015,0.9693098323116244,5.997726514694998,0.38451455254273964,54.99966132558704,3.654013946803242,89.97365753369692,6.226169414346617,405.1047565362456,64.4459410201655
550,gps,log_d,1.1641460156324643,0.11189865255563816,0.39576748678137885,0.015777806663217868,1.7635359791447804,0.09888539138708777,3.890308085007404,0.40086024421565764,120.8304597660815,46.70210198913486
550,gps,relative,6.493319118664928,0.6807196579368012,2.1329714605906527,0.10397593270693194,11.704823191292746,1.1801208879114664,25.561896328041264,2.6884336649946183,429.39115638055426,141.27798065426077
550,nns,absolute,28.50540509569471,2.2744866792208347,24.097178155647775,2.168654223420642,49.0675922007212,4.000040844146735,63.0156807906165,4.957855952010906,285.521670498979,43.98883063120143
550,nns,log_d,8.803738669996747,0.9362567628337717,7.130882982707439,0.8425890684003524,15.904072517903819,1.5693697783905507,20.6040170640998,2.0543191387990642,163.28172245717187,9.368225906805876
550,nns,relative,17.158104786316535,1.0706522494281525,15.150910477036131,1.062903941463106,28.761595658836274,1.848250404324799,35.22563935290502,2.344233655669487,150.34237069717068,14.46258040040521
600,KANs,absolute,30.49525955697926,2.670220876306928,21.687499137365897,1.4477838558009135,57.48773918534938,4.712156309531633,76.89240255525431,8.670531066455418,835.5340385606908,437.1496504969897
600,KANs,log_d,10.860947765149728,1.273121044329748,6.66050594214437,0.4861844277623401,20.814484064424374,1.7839508857050248,30.132052173034104,2.972981140869933,270.16763071657385,88.68465457120293
600,KANs,relative,15.039922798268938,6.463036067702592,9.20240286251441,1.8606614923793974,25.884312198897753,9.766750706819845,43.24994224976059,27.48033796468508,634.2070449157625,267.3406467541353
600,gps,absolute,19.62233391353815,0.7475681141149534,5.497507767836149,0.40870945799506214,52.59128051699539,3.3744678553229526,91.05419062273745,7.198077834872464,463.6601285422127,76.27764319729096
600,gps,log_d,1.1727585522513482,0.06505110331058941,0.3756996426915521,0.012132532843375572,1.6072562853505137,0.09629438789153666,3.6771626254695917,0.37781321503989124,149.34917880708844,42.554100089570966
600,gps,relative,5.951656337818039,0.4401895004191768,1.9783706706672362,0.14392571104896723,10.640014136898428,0.982590932203048,22.680441519134703,2.489796763005711,394.385239209886,100.96174801251288
600,nns,absolute,27.650024525601754,1.0825563663203794,23.547580913905488,0.5716126315201441,47.2709368118074,2.3330827480955922,60.55580263549759,4.106367314986561,254.15213419933275,43.922764164903555
600,nns,log_d,8.955704993251047,0.6853384804833624,7.188197472451461,0.6986981122791999,15.72998524441753,1.19923009425459,20.480215424512032,1.4560656575669082,172.12430364038,10.714131894276367
600,nns,relative,16.26632791447485,0.7735961911216491,14.27434779795998,0.6729634677559893,27.463225141914002,1.4176617219250023,33.574832049441895,1.797706772127257,160.61058109386528,57.22500655969722
650,KANs,absolute,30.573176142034107,3.389514511194626,21.491380170007506,1.8287313827824931,57.31196730887687,5.270409584504542,75.9808710342928,8.283399863484629,953.4420572951792,598.4628670827926
650,KANs,log_d,11.780943645430213,1.9399742801746518,7.014855227569717,0.6681610240379519,22.205515992343585,2.3881499528717365,33.168020324143974,8.078311868238734,314.77902147581324,110.64660322505624
650,KANs,relative,18.77011950412782,14.66103333177691,12.393986337297878,9.747185838841675,35.10935329520853,29.919264268918518,53.239336289120935,45.44753094358851,726.9533649748994,638.5901007703397
650,gps,absolute,18.179806316778024,0.6338841645410289,5.134763279633591,0.5007436126332412,47.294762052206195,3.0517991613889084,83.8254405085383,5.79225704397175,603.5087908717989,190.90824140377205
650,gps,log_d,1.0252840897233062,0.0680160217213798,0.3662978012395063,0.014644779688415138,1.4918175223752608,0.07408805707227398,3.2183166408063655,0.2652529611785376,114.05448572083165,35.01005391169786
650,gps,relative,5.7151460858561,0.561934352093246,1.8583728173017757,0.1420955088572655,9.773287064661204,1.2275258295356468,21.40462313570124,3.861252250572953,437.7014302317032,115.11556368471858
650,nns,absolute,27.551947001515856,1.574406309827919,23.60231600958807,1.252989736999935,47.03677338849907,2.9445003871139086,59.940659397741,4.557770803617417,246.11867151105065,23.934381060022993
650,nns,log_d,9.053161478893434,0.641903972647048,7.298204533472765,0.6181680918463877,16.204080705699276,1.252691977306217,20.813236548576512,1.6672792668307772,165.31897282807944,11.829705161992065
650,nns,relative,16.019175229713948,0.8276051793859862,14.105656190336868,0.8067556743480259,27.012497464159985,1.3634336109379561,32.86901742457321,1.7758809232295545,138.95497796320007,14.220302645732856
700,KANs,absolute,30.189739140082178,4.501364027331103,21.44339675374621,1.6163645300649043,55.88850229701732,6.433447934071732,73.7510760039199,10.783351794468201,915.7296481492031,444.3717998091729
700,KANs,log_d,10.446754106227505,1.0783701976227236,6.497713371456973,0.45994689548553574,20.563047474409313,1.4112833531522742,29.144761739943373,2.975847972542925,282.28431510886213,136.38165602592304
700,KANs,relative,12.742219411669094,4.334762893367416,8.704423332340738,2.685656029672328,22.155543023792138,8.597811228830414,32.76833722588256,14.572176764240695,525.7184265933486,211.4226182707988
700,gps,absolute,17.272787694255598,0.9115087300763198,4.367604743205943,0.3305271430432168,44.7544836231681,3.6310544896081174,80.04871562809343,5.550732593151407,560.5481311544029,147.43183193215395
700,gps,log_d,0.9663802859162199,0.053431714278390635,0.34942310784592173,0.012302097297801459,1.3579733942919288,0.037899575708365524,2.9036535356802142,0.22795341671413993,122.01849573139195,39.44449816345945
700,gps,relative,5.6856913697913924,0.4439895748444272,1.7069135515886422,0.11850176527970363,9.135692763806755,0.7153870031440662,20.386865226926382,2.5076972956008667,568.4223496573727,197.5784969555336
700,nns,absolute,27.436396523772395,1.5374386648252287,23.52339050935665,1.3895004428462658,46.57532415991547,2.580476835019866,60.08919302011985,3.7465311900825,240.56722863805732,32.13481228629978
700,nns,log_d,8.841791501590087,1.0231493611358022,7.105686404101988,0.8146582009590458,15.959972728594076,1.982669774440323,20.480433890189765,2.6833417529515544,165.36293321255334,8.565141933176026
700,nns,relative,15.906550140287203,1.1869154841035092,14.101489439076257,1.1116666404654623,26.670996844816138,2.049067238335125,32.239668357629164,2.3994302615328618,140.7163187898501,17.77307329861056
750,KANs,absolute,27.76222257134368,1.7388360713886226,20.596925546777435,0.7158295292593913,52.523587026711404,2.6009529066465786,68.02611385653847,4.871450416467121,602.7792022366709,183.09926918790586
750,KANs,log_d,10.83593837383186,1.265045183306594,6.736344270839984,0.5169187648651851,20.91670705555608,1.735857187885689,30.39545683471594,4.0528298818907835,248.16330768280363,56.97729266006706
750,KANs,relative,15.265612671782696,9.943995876419562,10.593030291715623,7.452744970608176,27.496836952944296,20.459059102686133,38.89045200320232,26.826584676422595,692.8032096404861,537.696883625133
750,gps,absolute,16.692968595347864,0.9137967680015505,4.20370618333261,0.2522699287515865,41.646003774619906,3.6351419088206485,78.18679387324157,7.411344026527462,563.1090647903704,160.50276566875988
750,gps,log_d,0.9061609454351036,0.04615837068232449,0.34193722747017385,0.01016188384267447,1.249426197688615,0.057840080998761326,2.5209220741404073,0.23002756018997728,115.66806590810401,42.34984204020108
750,gps,relative,5.445949190889829,0.9150646992502558,1.6278822769704604,0.13598193905375344,8.49039174435569,0.9580970742280259,19.128530765286023,3.5495185902679762,600.3493449149165,280.2185778695949
750,nns,absolute,26.938848296313516,1.2728990413946746,22.96917775588919,1.2370131665907007,46.26939896297099,2.103435496961754,59.12977574021433,2.481942778469625,258.65017838274036,38.066696538488344
750,nns,log_d,8.989746856196401,0.9330191147174036,7.410759183869094,0.7804108941801604,15.821928115661844,1.6529829537545597,20.230820599338344,2.275742619824871,153.80847699896196,24.727756749935924
750,nns,relative,15.670479071963417,1.0489062391006647,13.807338496657996,0.972129931246277,26.298409508135443,1.8133328676109517,32.072289833807375,2.1035844494135962,141.71018405713704,14.261457753182984
800,KANs,absolute,29.109512995243932,4.285561181593616,21.167834286703584,2.5444123548856643,55.755352513709205,6.848044333929276,73.02668465428168,10.808421896193938,599.6752306021216,162.98452679410707
800,KANs,log_d,10.437818121268998,1.3640156247341224,6.588301997933404,0.7528417553524147,21.037812716178543,2.4637413089229914,29.344806357764828,3.712836862805067,237.32378457389018,52.056191167552925
800,KANs,relative,14.828190763076154,10.62125962359375,10.428778931955904,7.8725250516623175,27.159121400277222,22.292760156342116,38.128169959680676,30.36053129661213,552.1297741077543,229.16259352480844
800,gps,absolute,15.366180327126603,0.5317814321309621,4.005475315462105,0.3898326819634394,37.82568509006262,2.4522122783736426,70.76277089438486,3.03115267945411,576.625277593818,96.34992158330924
800,gps,log_d,0.8893770831394165,0.039291582721475454,0.3291997421065179,0.010469226087712183,1.1955097703009794,0.019417994427985998,2.4718994615408745,0.1290964719350249,122.95684794942485,38.45420072583854
800,gps,relative,5.091737606421591,0.6068769066166724,1.509044546997633,0.11452869040659425,8.267082119101481,0.9116667607886386,18.944088287997563,3.1501781683143846,510.381859021508,226.48600449456944
800,nns,absolute,26.114078683134203,1.6523639626161826,22.380351301701687,1.3044955753910856,44.25985446537982,3.173409157841359,56.33999624508194,4.579120469849575,257.9485321905676,71.26654084819354
800,nns,log_d,8.669115820007075,0.7257729091981795,7.051565608154365,0.576883003072642,15.349317695657826,1.3844012101571468,19.796736559172054,1.9487893075343954,165.90620327484618,8.771864896802674
800,nns,relative,15.405171425359788,0.8512599066040776,13.573235935441426,0.7698383282719815,25.858492218174092,1.638149302472465,31.614455008875996,2.0905734096215256,141.2155364748463,13.334729901540975
850,KANs,absolute,27.428834248932713,1.1767938607738357,20.063034102081197,0.3343122175666289,52.34258041574958,1.4733788261400598,67.55515693433844,2.5459735284878855,657.6750245510409,177.98068201745076
850,KANs,log_d,9.49704286612164,0.7509103551939886,6.313572756218964,0.4391071278790453,19.258497569780545,1.0936013526329564,26.641764217601285,1.8781180866073182,205.21844752387545,72.04700392381783
850,KANs,relative,11.286843132971407,3.2450488984450807,7.702733877306068,0.887284807718625,19.450946654521807,4.211516783994831,28.429562519141133,10.149457591383772,531.8945785336007,333.61301405831017
850,gps,absolute,15.203455012536446,0.6820169015949055,3.7194414065630554,0.2980945362362917,36.28942954396503,2.7035652800717735,69.89690099336094,5.1743905993559665,619.4803455848698,108.11319000894538
850,gps,log_d,0.8588540702227936,0.042799857080524736,0.3175672400312577,0.007364552521342632,1.1363209107985166,0.03368999965928272,2.3060452463174226,0.18471152143978994,123.78105724269103,36.660278956215485
850,gps,relative,5.04800530239193,0.5256777462893045,1.4267027055493717,0.10290826298252245,7.8397298262389326,0.938484492922886,18.36418624315385,2.824529466151803,506.81660385220374,178.7466438307327
850,nns,absolute,25.91773421605148,2.247520313800579,22.23171593922239,1.8293847287207885,44.150656744284845,4.280420364662225,55.79772196753595,6.219942098449956,251.7102091857546,36.7512237360314
850,nns,log_d,7.710485902960912,0.5524794223927505,6.2837059032681015,0.5419474050341468,13.676426818139552,0.876618838344716,17.704073661577535,1.2263889414038422,154.63459163080879,23.834908147152923
850,nns,relative,15.176952478322383,0.7320397019671037,13.32915599252963,0.6149729181800361,25.512923847993424,1.401451685988738,31.139254052851413,1.8018922393581125,149.25356438405024,11.80071590147328
900,KANs,absolute,28.357225965633127,2.585870475152031,20.651399559080943,1.1553290482463179,54.63911196706175,5.1479026154549565,72.44547467200444,9.421827056956348,809.3054157167201,226.64359060706798
900,KANs,log_d,9.681727193203779,0.30002206095747774,6.413361989378697,0.15469177193068853,20.033358719602894,0.7227689028241274,27.62157789864687,0.9319086478937232,223.81970872770316,75.66907687410479
900,KANs,relative,10.794729624059707,1.643947250643719,7.7607442209405235,0.8482344216811288,18.911101995431853,2.475472787772608,26.423390397861784,4.394128243970726,449.180977804797,162.53988924432713
900,gps,absolute,14.395201635019475,0.7209455287839546,3.5300378538136052,0.22930775824521402,34.24210706797613,2.2427557600073738,66.46773704493592,5.146610040616668,632.5724727057211,91.5642589747705
900,gps,log_d,0.8561463743575064,0.05343001793649653,0.31130861822695544,0.007444553814931917,1.1193646300734161,0.04181486458466563,2.292368650110082,0.23159336497924382,155.65736565759113,30.466799735509984
900,gps,relative,4.851111985059384,0.5509120705803291,1.3621997082444026,0.08015060175284916,7.436271916382601,0.7466467175614103,17.242181402550578,2.789394750581347,504.1113771480398,119.77329932117007
900,nns,absolute,25.302083877504664,1.666953079639941,21.855131565190668,1.5061792080861063,42.83408610684869,2.73888798079377,53.84757952744989,3.6588497062968934,235.8851207935042,28.613243178489917
900,nns,log_d,7.974849441845448,0.41244907000954345,6.512804436824469,0.37805143472764474,14.204990707561644,0.7495128152501899,18.437435126352554,1.075651679164595,152.10173334558482,26.192510385237842
900,nns,relative,15.123028915818988,0.6702788689835796,13.28182836440404,0.5539189142445814,25.511646637712825,1.3716959085955494,31.145559654689926,1.776411964638037,138.5292448291624,15.713880331593208
950,KANs,absolute,27.766038193204754,1.4726003182311724,20.268755705778744,0.5629541565377446,53.02369153500592,2.137211387038721,68.47730413963882,3.326297450633908,677.118360832718,346.2356115063013
950,KANs,log_d,9.64407283943029,0.4871436349501532,6.4565004775617805,0.49064671315436076,19.848635422178756,0.7066644102956655,27.08996541367448,0.9309885888839526,203.94778636676386,31.29228425530672
950,KANs,relative,9.586300928536687,0.5695001413260825,7.264676225044516,0.5630289269524514,17.3636346636368,0.8664816209900169,23.839252937953272,1.4285362019674837,247.10716796244478,109.76508941330812
950,gps,absolute,13.436733502888043,0.5983787097622754,3.3070559326441527,0.32323423669454454,32.22510339258814,2.8947619406206733,61.65912922395269,5.111124099928951,587.344527318118,137.9144905061075
950,gps,log_d,0.7985759012167591,0.06748303352015647,0.3019489818602848,0.007064945754529352,1.0438004583690064,0.02848428590010761,2.054618223738328,0.15116889683884963,135.64154999828187,46.788025932333206
950,gps,relative,4.7839776625923935,0.9388314593897181,1.313394875414855,0.09344482787629371,7.054773666919194,0.5269646692643453,16.39708840340601,1.8078914886024453,574.4707373495896,424.86605603063026
950,nns,absolute,25.539068411215943,1.0961439621058995,21.86128421321066,1.001262566271345,43.73307497754413,1.953780107792075,55.414384477059045,2.868177891271892,250.17744274975666,63.34750610840997
950,nns,log_d,7.965281713970908,0.6257396167244577,6.541575265712339,0.5405233178929414,13.924844046095652,1.0940843938029674,17.817203489653988,1.4247584769160648,166.1817570229176,7.692256871095982
950,nns,relative,15.091328921927978,1.1635021990222834,13.34222060224187,0.9598867420253097,25.3099105818114,2.195017923746946,30.683889832284688,2.7410862415679875,136.33508248502073,10.495544519530467
1000,KANs,absolute,26.40469317274289,0.7449875963550296,19.839359536027168,0.5116688887873587,51.5753211559746,1.4049955645843712,66.20658949782666,2.6085728055972948,563.6720105164924,131.51176941432317
1000,KANs,log_d,9.454225883996525,0.5682403029022463,6.344375446240187,0.41056051226126977,19.31126475024113,0.7805762519011491,26.693246928374986,0.9067025560618305,189.63836565253592,27.149276089876732
1000,KANs,relative,12.413842979337666,7.608705891555428,9.096275008943582,5.580967727136716,22.89822223540009,14.856764261267598,31.35275687519688,19.88239219661155,412.2056193094424,212.06068176195552
1000,gps,absolute,12.883557637587236,0.7776334952048203,3.1612081874226896,0.18182998080421442,30.861822124219003,2.520201177630105,59.56071100235643,4.929828022221015,609.4718951411454,119.30294892297849
1000,gps,log_d,0.7688040412434642,0.05391202139358169,0.2968836873101465,0.007377851363996879,1.0098159984325255,0.034691701319068596,1.9453205909729814,0.16152445608471158,128.35818676876073,40.051223136252595
1000,gps,relative,4.6206065935451734,0.5404713937469394,1.2700539097237507,0.08636045395622194,6.855450411800824,0.5900917437036161,16.047421291158464,1.9292199558266212,531.9700653635225,244.85656676462133
1000,nns,absolute,25.859221812005917,2.4795245464940314,22.222076715762444,2.249457965017175,44.19485943692644,4.3762996281277315,56.42401473368547,5.593102351344242,229.10107660817707,52.2511589360112
1000,nns,log_d,7.942883105817413,1.0379508177323404,6.457730519209062,0.8459955200743282,14.112018622285479,1.8911720063920567,18.08082508502299,2.2730208722362812,145.53367768685808,33.58790331314226
1000,nns,relative,15.161392605809542,1.2026219866285721,13.3768459189891,1.0231947913348438,25.382981971231494,2.172865410492243,30.98420861009913,2.7474885370894286,134.67146198259712,14.38384393830575
1050,KANs,absolute,26.62259046572033,1.2343981240416777,20.001059378576812,0.6973997684184143,51.199887961101176,1.556687191056464,65.7600035974605,3.0601078348167525,565.2667901518622,137.77768652023826
1050,KANs,log_d,10.409180341611153,0.8146009431520892,6.802863075153044,0.45153858602836466,20.833526546659176,1.6879754833243874,28.595246239086826,2.1576203719262916,219.53105930477113,45.910385583946066
1050,KANs,relative,10.75641850033092,1.2403293973586522,8.072385601547195,0.9154721148934246,19.15105463706525,2.1583359586514446,26.04531533693271,3.1084228208649725,358.3208756952306,201.4758499727789
1050,gps,absolute,12.63619747430142,0.5422335524015706,2.963364161021439,0.20585452684676056,29.704218290702613,2.6108774217051707,58.073551605628325,4.315773086123692,640.692910424634,122.44083699247643
1050,gps,log_d,0.7725047535271056,0.0536847240568988,0.2877769784243287,0.00915674446711925,0.9716522356733792,0.02151339574858943,1.901898671925651,0.18965383477770065,149.37140470919272,32.33344666670029
1050,gps,relative,4.4035896549127465,0.8359278605449877,1.215213270593509,0.09485571200703267,6.641419325673096,0.9122164328353307,15.207681595800176,3.1637752000840056,506.5676014329107,280.30776520262185
1050,nns,absolute,24.675739944198483,1.5077864494434152,21.189938811749734,1.4076575286793325,42.1146008705331,2.5731736700229835,53.24765085520859,2.919086864422722,228.11654919079834,28.836546440047005
1050,nns,log_d,8.240583720888862,0.546479041035706,6.571745011160869,0.4633755889532304,14.721506484746794,1.056515134241135,19.303246955480088,1.4176764393017744,159.7225043963204,22.842250860655863
1050,nns,relative,14.527182982829363,0.4946869957182601,12.863073517481471,0.44118788473120013,24.16294393808085,0.9669548839471641,29.441830638686394,1.2179790470295906,138.957980110611,13.48224318314395
1100,KANs,absolute,26.077468608759773,0.5803618732847788,19.625265460268608,0.3284161806659026,50.695989466723816,1.3104263354590693,64.78927474204318,2.0824848654653882,591.4424354340529,219.48092615910807
1100,KANs,log_d,9.672040872775915,1.0062864003555383,6.419057801365447,0.3160132938929486,19.407549421008035,1.7139244026101468,26.584110725841917,2.5055505821231976,229.3104625088735,75.6980354649356
1100,KANs,relative,10.170884658094462,0.7673553503576563,7.702451918205492,0.6344983914872705,18.061031922546352,1.5055076470506228,24.996518161761337,2.1338351400269358,347.4138946134251,133.32150798923055
1100,gps,absolute,12.23827367014184,0.5523685657065808,2.8530192478754928,0.2452411331472068,28.127036688350323,2.160722419221358,55.70034486340792,4.511598969296513,657.5850847289299,82.54060427969657
1100,gps,log_d,0.7359937903845151,0.06341727515964038,0.28283960988716433,0.008949357216569552,0.9373817664966093,0.02650014230462167,1.7854436629855421,0.16067819021596547,128.43898202576264,39.30072771077677
1100,gps,relative,4.448561109541189,0.8281816153105436,1.1787984145336305,0.10180691147372943,6.337524765388836,0.660703887650322,14.633956550189183,2.592126364160763,625.0040409451864,394.202052498977
1100,nns,absolute,23.665604775290124,1.1082455417332426,20.480457869061837,0.914600965879673,39.91891968060658,1.9771870071285134,50.303872607351735,3.1987646675021586,238.790936214869,35.98304996656491
1100,nns,log_d,7.82994208484331,0.7298095718261118,6.307693506139442,0.6503068076689814,14.096075687954865,1.2931650536332226,18.200341283778343,1.6108992965395874,154.02480531135907,29.205544145107492
1100,nns,relative,14.8442860137052,1.0609927245669164,13.145872890985506,0.9788279221982633,24.786986527564462,1.8308338763436178,30.127721510216315,2.178274938534899,138.92140649447444,8.220938314330729
1150,KANs,absolute,26.245035352530106,1.0262339660649396,19.887343479913834,0.6550370240311194,50.95491500768454,1.799652607026179,64.93386833203876,3.4461383915750283,483.152914398348,137.9651340819076
1150,KANs,log_d,9.979315928838059,0.5232796232876705,6.614822263370575,0.6688155583731518,19.895269264706144,0.7898507300830886,27.748321722685613,0.9882990672556123,217.43685299994058,45.132289956743826
1150,KANs,relative,13.698916628683516,10.632938493891533,10.000262039205088,7.4068899300043505,25.48243763770438,21.701362658958466,35.426990885862416,31.34016217549626,368.65694779599164,184.6829341563124
1150,gps,absolute,11.782374259075826,1.1333886348559161,2.711081862142768,0.2600440572215508,26.848471086851042,3.4146342518783164,53.52888727142554,8.005946831930554,594.6329951365435,106.5681748821676
1150,gps,log_d,0.7002642121481694,0.047624409248969865,0.27775305050503263,0.008194261718064368,0.9055821307964143,0.019933953793673402,1.6886602419114936,0.09686373900415153,127.54947410820178,42.18416202233265
1150,gps,relative,4.503725448920738,0.9519663497874292,1.1546687228338048,0.08606897399415805,6.19747112924024,0.6315715190929277,14.616821412800467,2.508651158358797,715.1230756894863,544.3608883983125
1150,nns,absolute,23.69520990199691,0.8648643264769453,20.35737324348046,0.6892203276890434,40.33447961566466,1.9272051438488587,51.05932479743559,2.7603002065467495,244.54824559478212,47.327526899677174
1150,nns,log_d,7.441097928859234,0.972540892579045,6.102076683415787,0.9425186687412743,13.321575504585278,1.7190094084637486,17.10034639965743,2.0850189461765583,156.3675493986712,11.160619146530747
1150,nns,relative,13.962871497652879,0.9832112764151675,12.332395460801154,0.8308362135839682,23.311861225611597,1.7247156609032823,28.369835930457054,2.131700663662094,139.41647368453272,10.194535481836084
1200,KANs,absolute,26.907636171031744,1.319593124470722,19.878789992819453,0.6147431697635277,51.635671648725406,1.9660310266454764,66.6715633376034,2.791063089811466,630.3314058746575,272.3056837902421
1200,KANs,log_d,9.876843051302108,1.1247874087534386,6.423554540991381,0.5200018658109602,19.688286881842945,1.7500560395620288,27.52240278759722,2.445521472305706,206.22914212242637,28.971668820254727
1200,KANs,relative,10.423982764533614,0.9960417422481302,7.911460197888696,0.9292083974265177,18.78680477342337,1.3545092148019333,25.490638951416436,1.7210170330597507,303.96605280835246,88.67923653081372
1200,gps,absolute,11.175245863863903,0.7543227467942757,2.6426427784046154,0.3015777547589113,25.393828455484602,2.361813253848813,50.30754829996091,5.697504427329253,637.1240359287083,132.83305370683507
1200,gps,log_d,0.6960347076513964,0.056929609759348285,0.272659615824328,0.0054686860372914455,0.8911515897140921,0.016794322149581997,1.6734869757478283,0.08296273625983247,136.6042595730284,32.85606411694825
1200,gps,relative,4.025391571265748,0.695976776004326,1.143209839396068,0.10677430140389477,5.8998150304634285,0.5020558607765847,13.468935234965889,1.9978633979881248,516.9260418625074,331.3119515841163
1200,nns,absolute,22.98904721534012,1.6962566063413755,19.9443929362205,1.4751860698421018,38.765491457244096,3.15048987932684,48.593441426331026,3.7219963243547283,215.6734422123332,30.957738795125138
1200,nns,log_d,7.478959362562276,0.801990163967983,5.986045885381698,0.6860295954801483,13.3516716498678,1.3427610228618783,17.478303301003997,1.8031066699203655,157.13918406092026,30.06170899671605
1200,nns,relative,14.379852403897507,0.7822696061360414,12.725093824952861,0.7484470063293162,24.064436014966596,1.3320316351923263,29.17655073555368,1.7706920020648544,138.72010036670002,12.367627224235523
1250,KANs,absolute,27.597773396056322,4.323058800803168,20.539865935004745,2.3043852040866297,54.06390841433809,8.74148574850252,69.44554022083693,11.960821901677955,602.0438104304635,239.1661368887999
1250,KANs,log_d,10.034378819358817,0.5048325987846142,6.47509637633528,0.24384384256821473,19.543856472724976,1.201348121625893,28.071370491142137,1.3341527572271321,224.5545238358368,50.3416336277473
1250,KANs,relative,9.968101805037511,0.5515937062251403,7.6378250697114165,0.5814244677358605,18.02505063320381,0.9748666003150902,24.4604855796999,1.2598873599472868,248.32178766805387,126.21900706442838
1250,gps,absolute,11.216167464695399,0.5063480351184312,2.534359508755877,0.23318381044518055,24.627683661359143,1.507071166198093,50.02900040991725,3.7965366092643804,830.738619234952,186.4638588937702
1250,gps,log_d,0.6686681102503091,0.03394215065798108,0.26854452195417455,0.008094531339960567,0.8648416350690689,0.018495914083883864,1.5677835618564433,0.0830171151377291,141.54850195889776,29.299450413100978
1250,gps,relative,4.359153536713715,0.8781214048552809,1.081790210410314,0.10907926896212299,6.00219663960914,0.7795485401325639,14.286001245510363,2.9521974000432176,653.3522980265332,303.8371637977972
1250,nns,absolute,24.079406383102114,1.8455117590825056,20.874666082477027,1.4541609419185377,40.590861236428104,3.3125503391303623,50.68522990541594,4.7935077926817575,258.61525411152223,64.02123011787897
1250,nns,log_d,7.650774653690675,0.892976122019176,6.218044164714234,0.6667645948959648,13.586565454875089,1.860114666106782,17.593123222133052,2.4088414021576123,157.71393870920738,12.146630141793748
1250,nns,relative,14.23643662796176,0.2926104582251066,12.578022332861455,0.29899462787724335,23.937024215819555,0.5902325376673033,29.10130838390095,0.8882879826616938,137.34005353611673,8.509448496833958
1300,KANs,absolute,26.972900622382685,1.8479992905174976,20.07540046974593,0.909289097703533,52.05582645623231,3.023049675791092,66.7122438311224,5.025749196280182,778.2193509292935,311.8329005853036
1300,KANs,log_d,9.845427108386092,0.5700806814613383,6.403611529757474,0.3828737216178739,19.33000388296761,1.2855094321256482,27.044179483473282,1.5270911689679256,229.29668917383347,77.41883028831498
1300,KANs,relative,9.777160927536537,0.6919873539897993,7.443429626177085,0.4588162463464217,17.805388295592355,1.5324389227704185,24.14730126442368,1.9757345997976143,255.6803788615644,115.67635127760269
1300,gps,absolute,10.774518115448888,0.29123402676986443,2.483090214479181,0.1811637780597364,23.07162588652558,0.8901274026177789,47.49220425874989,2.7147753712925335,669.2982389274283,88.0966845571227
1300,gps,log_d,0.6361456012188458,0.040913166146837376,0.2616130474021498,0.005137371073737561,0.8433079603981251,0.02427876350611688,1.537753283643233,0.08341142324548068,117.63021670250536,42.61706794388502
1300,gps,relative,4.28310601609184,0.8257386136473513,1.061482213122659,0.051258431489993074,5.473242677003774,0.30700693752884933,12.935447137361018,1.6203164498160618,742.255779390345,446.5946154264821
1300,nns,absolute,23.33202431654824,1.8008134640122837,20.1976406960031,1.6470436674659805,39.441305330553774,3.378060546641874,49.47098259736953,4.486599895847429,232.27432001807392,53.60082115011792
1300,nns,log_d,7.593368286330038,0.6867730954094868,6.192233068088558,0.5632578399059973,13.368349582871124,1.1306185460557678,17.349293147807007,1.6974244770365081,153.85636660499208,18.895405028624108
1300,nns,relative,13.852090724729766,1.0070218361908974,12.28279730078184,0.8679458224601341,23.04509697941257,1.7747831206607878,27.906686943231325,2.2621618715724674,137.15489446466114,9.938604467629508
1350,KANs,absolute,27.93314164936753,4.439246067731744,20.403778986224243,2.3564249838904194,54.13368125873063,7.593232131779423,70.97570677161369,13.772214004918139,599.834324146924,168.1558567867759
1350,KANs,log_d,10.299610411523433,0.8155424899320508,6.738095710250045,0.44227074777770675,19.92136716802576,1.3591894863055944,28.5947421965177,2.467723483375184,201.2117589113114,18.924722883172926
1350,KANs,relative,10.383028351450285,1.0772968860974275,7.9723759617556365,0.9822765182381289,18.523285463667342,2.056548782279154,25.097255326957185,2.71552419348961,323.0553662762022,125.54896451358643
1350,gps,absolute,10.442985965597241,0.740725395701848,2.3287419343832485,0.15791939001592084,21.945272112575854,2.6894067626914633,45.59500984680882,6.1245488671947586,739.9962281179733,175.13753450709387
1350,gps,log_d,0.6155203011534546,0.039912106986365194,0.25843620680837925,0.005632106621438729,0.817289838073411,0.020595257295240522,1.494896447267791,0.0887715477843535,114.51418811333205,35.331851242291215
1350,gps,relative,4.312526904002913,1.1920540534212107,1.0266740554085974,0.08640846459275227,5.470635834616642,0.5660835845148163,12.872666376981016,2.274573075018074,911.6259165735919,699.4062474191974
1350,nns,absolute,24.45042212668229,1.5578406219193053,21.10309666376321,1.2974463558492786,41.56031144772287,2.913806090075471,52.654960781991235,4.03777711852459,209.96083504073485,43.181457226410174
1350,nns,log_d,7.5290805469582285,0.6734280409102182,6.028526992517651,0.49628169333852007,13.487153254153728,1.198810747391886,17.65088080955605,1.8043502928431985,157.34056970052058,13.935240636785744
1350,nns,relative,13.730278529763462,0.7610104507069302,12.133487877791326,0.6826597017483442,22.91499011325731,1.394914680645371,27.84961685790997,1.7392693125172007,132.9814792107327,11.49129681921517
1400,KANs,absolute,25.71815485487794,0.6860049670875437,19.510799940325462,0.4947658211110301,50.30406031347211,1.2759626287654995,64.3794111853701,1.97020543599603,467.6648321117356,119.23054586352535
1400,KANs,log_d,9.417084756766638,0.40134629376161907,6.36365796740851,0.41832703000277077,19.644766042327834,0.8788414227508234,26.620363817184774,0.8812378706115991,193.58257864026854,23.173803834731263
1400,KANs,relative,14.308356570477354,10.033529461741054,10.79409128531265,7.300140610080842,26.793422121455126,21.03587891445188,36.042614903197375,27.465814506028504,300.5179810337887,70.71465848947537
1400,gps,absolute,9.89919702383235,0.9078877068543261,2.176991815305503,0.16796498483089603,21.220935336393147,1.9279751276740351,43.25011958367183,4.135498057342835,746.2613310928499,313.79410735847404
1400,gps,log_d,0.5912015962685687,0.04405037263587074,0.25523274020171544,0.0054115072787339165,0.7936282625335028,0.020986588140413553,1.4097405234395324,0.07859869871262731,105.54189964191046,42.68551678376845
1400,gps,relative,3.979461895421772,1.086653170913587,1.0093197504136955,0.10244346530158895,5.235623061086529,0.6872904713706166,12.008226539659178,2.5566472577921653,816.5457951056701,692.807153131934
1400,nns,absolute,23.40006438042327,1.4664447272410543,20.106819868468953,1.1552813201096557,39.99808154297201,3.1650024827106606,50.5188583910744,3.9204384921524933,205.22026398841462,23.369492674735877
1400,nns,log_d,7.621298416063361,0.7267779923080387,6.191982496807684,0.5731875315138807,13.431873491191686,1.2144086552361033,17.47541546364434,1.7595092269225876,149.31428163589067,25.91792954606772
1400,nns,relative,14.54964389838348,0.9641853555916494,12.927528668533776,0.8310082587350631,24.255797139105827,1.8539341165966254,29.288893820580405,2.328903460328024,155.73055952156022,40.6146657882857
1450,KANs,absolute,26.78802772057807,1.6377024048656537,19.98053584440924,0.8821787583336712,52.35217432321092,3.172934955502452,67.37861653093304,5.225230137291409,479.55983359527863,96.36019874005979
1450,KANs,log_d,9.982025143765743,0.6893063106963317,6.596428320846364,0.5179655135252134,19.516841077629,0.4801854968861512,27.47606067635428,1.5117254539498026,202.96489750327285,36.49127073268831
1450,KANs,relative,10.026517577798698,0.9380873571203342,7.765211802188679,0.8864789052175028,18.141478219829004,1.6682881560496556,24.472811455578626,1.8160188225312976,287.416429777102,105.91241281188329
1450,gps,absolute,10.45345165807449,0.35720049203113535,2.1314618539410395,0.13718971317322512,21.192545400815163,1.039711967235626,44.336628692990864,1.9799255783306355,795.7771974269228,153.39261767904623
1450,gps,log_d,0.5830930309454347,0.030975881179163747,0.25041031890488136,0.007257965675697094,0.7804385840372002,0.017092476576462658,1.3807052048095398,0.059447316194874304,126.46393443268273,35.512514050405784
1450,gps,relative,4.233841903533054,0.9295638408453614,0.9937131325968572,0.12183571670743339,5.23156605083018,0.5448761650178084,12.546361603415953,2.5677795192897492,863.2630112946441,461.9030360963391
1450,nns,absolute,23.17925661057479,1.9866330130878254,20.142019469995354,1.7275685974491168,39.08025876768987,3.4256174057533,48.75937750494084,4.514315450785953,213.21543268546355,51.515823633996476
1450,nns,log_d,7.4657231197281515,0.7905133486175644,6.030789444712536,0.6869058237512662,13.328629008505782,1.4230189916402447,17.27196292271231,1.912988458790511,156.48011472193238,12.639912422229274
1450,nns,relative,13.918270182332629,0.5465780476181465,12.327937757622571,0.48195909426668504,23.12145057719209,1.0613713812478496,28.0175866790957,1.313430143069056,140.16332348855343,8.137732728975665
1500,KANs,absolute,25.527566599877368,0.8536982653615635,19.652939947348745,0.47923745262607576,49.90324293874405,1.6853776182498557,63.23522575889017,3.080815449456906,490.0661995561859,209.65046676958977
1500,KANs,log_d,9.835272659735107,0.4772523704221832,6.440296966394483,0.2715476626422685,19.864455711262387,0.8145158252042584,27.965780937166564,1.2206895578585688,200.0891402160702,17.007164832071613
1500,KANs,relative,9.599182147840622,0.6494260079361021,7.333922322223808,0.66455771793537,17.50321510773379,0.9580254037070323,23.714393470821907,1.3824067815310779,228.42848603839684,59.437715889860584
1500,gps,absolute,9.462127930522744,0.769713304119584,2.159728474266397,0.17492353928858637,19.387881840080674,1.6097830909493651,40.289494374932815,4.576729787010679,759.831861226756,186.67156163424823
1500,gps,log_d,0.5723092573312728,0.02998848931789503,0.2469257850172723,0.004574040564673208,0.7647858752284303,0.01358079847341506,1.363116532812537,0.0664903042064528,129.06072231488636,39.880753786647844
1500,gps,relative,4.2433149275253275,0.7900885623590302,0.936188976910133,0.08097607151338242,5.183456302198968,0.4504770840399693,12.451242202999486,1.9813093800701396,944.5956853247271,617.954662291253
1500,nns,absolute,22.89536231072351,1.4762812570928903,19.94380458695601,1.2217769582085334,38.517500030342084,2.8461248775059516,48.14653131756214,3.843983092290842,203.3868728025513,31.581943931244396
1500,nns,log_d,7.361419910111242,0.6870888324393157,5.856717310094436,0.6716105116885467,13.274390231322101,0.9386509560900258,17.44938506446239,1.2305474329732757,154.64719544964277,21.503723251489284
1500,nns,relative,14.293486216391978,1.3555814522740477,12.660532769519904,1.1986634351365089,23.806356017633664,2.2849235826119405,28.930465609393387,2.884199957881194,142.1450041760251,6.937506558538521
